"TimerPES_First.Click","TimerPES_Last.Click","TimerPES_Page.Submit","TimerPES_Click.Count","PES_1","PES_2","PES_3","PES_4","PES_5","PES_6","PES_7","PES_8","PES_9","PES_10","PES_11","PES_12","PES_13","PES_14","PES_15","PES_16","PES_17","PES_18","Gender","Faculty","Program","Year.Program","First.Semester","PA_profile"
9.364,37.405,174.152,26,4,2,4,3,1,2,4,1,3,2,3,2,2,1,4,3,2,5,"Female","Telfer School of Management","B.Com, Marketing","Other","No","Light PA"
56.681,231.661,189.269,22,4,4,3,1,3,2,1,2,1,3,2,2,4,3,5,2,2,4,"Female","Faculty of Social Sciences","biomedical science","2nd year","Yes","Inactive"
7.298,138.379,82.679,18,2,3,4,2,4,3,3,2,4,3,4,1,5,2,4,4,3,5,"Female","Faculty of Science","Nursing","1st year","Yes","Moderate PA"
1.911,116.992,120.887,23,5,3,2,3,4,4,3,2,5,2,4,1,2,4,4,5,3,3,"Female","Telfer School of Management","Human Kinetics","2nd year","Yes","Vigorous PA"
0.795,131.214,55.356,22,3,2,2,3,3,2,1,4,2,3,1,1,3,1,3,2,2,4,"Female","Faculty of Arts","Health Sciences","1st year","No","Moderate PA"
12.091,67.393,166.8,26,4,2,2,4,5,4,3,2,5,2,4,1,3,2,4,2,3,4,"Female","Faculty of Science","Finance","2nd year","Yes","Moderate PA"
4.706,211.801,55.356,27,2,2,4,2,5,1,3,2,5,3,2,5,4,2,2,3,1,5,"Female","Telfer School of Management","Psychology","2nd year","Yes","Moderate PA"
5.629,43.036,300.143,21,4,3,5,4,3,4,5,1,4,2,3,2,3,3,4,3,2,4,"Female","Faculty of Science","Nursing","1st year","Yes","Inactive"
13.948,70.308,144.417,24,2,3,3,4,3,2,5,2,4,3,5,3,3,2,3,4,3,5,"Female","Faculty of Arts","Criminology","2nd year","No","Moderate PA"
128.702,341.046,81.719,19,4,2,4,5,4,4,1,2,2,3,3,4,2,3,4,4,3,4,"Female","Faculty of Social Sciences","Psychology","1st year","Yes","Vigorous PA"
5.228,58.461,107.891,18,3,3,5,4,4,2,4,2,2,1,3,2,4,2,2,4,3,5,"Female","Faculty of Arts","bachelor or commerce in Human resource management","1st year","Yes","Vigorous PA"
7.916,172.247,50.304,21,4,4,4,2,3,5,3,2,2,2,3,4,3,2,4,4,4,5,"Female","Telfer School of Management","Biomedical sciences","2nd year","No","Light PA"
24.492,62.184,72.308,23,3,3,3,1,3,2,2,2,2,1,4,3,3,1,3,4,2,4,"Female","Faculty of Social Sciences","Biomedical Science","2nd year","Yes","Moderate PA"
3.742,156.793,116.93,19,3,3,2,2,3,2,2,1,2,1,3,2,2,2,3,2,4,2,"Female","Faculty of Science","Accounting","2nd year","No","Inactive"
1.299,112.736,300.143,29,3,2,4,2,3,2,3,2,3,1,3,2,4,4,3,1,3,2,"Male","Telfer School of Management","nursing","1st year","Yes","Inactive"
8.868,128.167,114.697,19,4,2,3,1,3,3,4,1,2,2,4,2,4,2,4,2,2,2,"Male","Faculty of Social Sciences","Economics","1st year","No","Moderate PA"
5.392,115.737,3435.314,32,3,2,5,1,4,3,3,4,3,1,3,2,5,1,5,2,4,2,"Female","Telfer School of Management","Management","2nd year","No","Light PA"
20.789,77.295,78.968,20,3,4,2,1,3,3,3,4,4,4,3,2,3,4,3,4,2,3,"Female","Faculty of Social Sciences","Psychology","2nd year","Yes","Inactive"
3.073,131.214,78.985,20,3,2,2,2,3,4,3,3,4,1,5,5,2,2,2,1,2,5,"Female","Telfer School of Management","Finance","2nd year","Yes","Moderate PA"
12.423,83.813,53.771,26,3,2,4,4,1,3,5,1,3,1,3,3,5,2,4,2,2,4,"Female","Faculty of Social Sciences","biomedical science","2nd year","Yes","Inactive"
2.236,71.577,94.252,18,3,2,4,2,5,3,3,1,4,2,4,2,4,2,4,4,2,3,"Female","Faculty of Science","Psychology","1st year","Yes","Vigorous PA"
1.785,108.432,68.681,23,4,2,2,3,3,3,3,1,3,5,2,2,5,2,5,4,3,2,"Female","Faculty of Health Sciences","Biomedical science","1st year","No","Vigorous PA"
6.849,444.48,384.074,20,4,4,5,4,4,4,4,4,4,1,3,3,2,1,3,3,1,2,"Female","Faculty of Health Sciences","Psychology","2nd year","Yes","Light PA"
2.796,648.117,118.161,19,4,2,5,2,2,2,4,1,2,2,4,4,2,1,3,4,2,2,"Female","Faculty of Health Sciences","Psychology","5th year","No","Light PA"
19.581,147.692,56.345,27,4,4,3,2,3,1,4,2,3,1,2,3,3,1,3,2,4,5,"Female","Faculty of Health Sciences","Business Commerce Management","2nd year","Yes","Vigorous PA"
10.471,87.447,55.356,21,5,1,3,5,2,3,5,1,3,2,4,3,4,2,3,4,1,3,"Female","Faculty of Social Sciences","Biomedical Science","2nd year","No","Vigorous PA"
6.133,86.159,116.524,20,4,2,4,1,2,2,4,2,4,1,3,2,1,2,5,3,1,4,"Female","Faculty of Health Sciences","B.Com","2nd year","Yes","Moderate PA"
3.423,241.411,10.614,19,4,2,5,2,4,4,5,3,3,2,3,2,3,2,2,4,1,5,"Female","Faculty of Health Sciences","psychology","1st year","Yes","Light PA"
9.042,8.546,7.789,26,4,4,2,1,4,1,5,4,3,2,2,3,5,4,3,2,4,2,"Male","Telfer School of Management","computer science","1st year","Yes","Moderate PA"
13.495,102.797,106.593,23,4,2,3,3,4,1,4,3,4,1,2,2,5,1,3,4,2,4,"Female","Faculty of Health Sciences","Psychology","5th year","No","Light PA"
12.534,86.25,104.473,24,2,4,5,3,1,2,2,1,4,1,5,3,2,2,2,3,3,4,"Male","Telfer School of Management","Psych","1st year","Yes","Vigorous PA"
47.074,69.535,118.151,26,3,1,5,3,2,3,4,4,2,2,2,4,3,2,4,3,3,4,"Female","Faculty of Health Sciences","Nursing - bridging program","Other","Yes","Light PA"
16.932,132.055,16.378,26,3,1,3,2,4,3,4,1,4,3,2,3,2,1,4,3,4,4,"Male","Telfer School of Management","health science","4th year","Yes","Inactive"
9.217,125.553,180.84,31,1,3,3,1,4,4,3,2,3,2,3,2,4,1,3,4,1,4,"Female","Telfer School of Management","Health Sciences","2nd year","No","Moderate PA"
1.1,305.65,149.033,24,2,2,1,3,4,2,3,4,4,1,2,3,4,4,4,2,1,1,"Male","Telfer School of Management","BSc Psychology","2nd year","No","Vigorous PA"
8.495,116.622,116.777,37,4,3,4,3,3,4,5,2,4,2,3,2,4,2,4,4,3,4,"Male","Faculty of Arts","biomed","1st year","No","Inactive"
24.518,102.458,166.622,20,1,2,3,3,4,1,3,4,2,1,3,3,2,3,4,3,2,2,"Female","Faculty of Science","Bachelor of Commerce, option in Finance","2nd year","Yes","Moderate PA"
22.986,99.271,3435.314,18,4,2,3,4,2,2,2,5,4,5,2,4,2,1,3,3,2,5,"Female","Faculty of Egineering","Biomedical Science","2nd year","Yes","Inactive"
7.057,77.295,88.759,32,4,4,3,1,4,1,1,3,3,1,2,3,4,1,4,1,2,3,"Female","Faculty of Health Sciences","Linguistques","2nd year","Yes","Moderate PA"
13.035,118.849,260.696,27,3,2,2,4,2,1,4,3,3,1,3,1,2,1,3,4,2,4,"Female","Telfer School of Management","Biomedical Science","1st year","No","Moderate PA"
5.667,143.15,92.734,23,2,1,4,3,2,1,2,2,4,4,4,2,4,5,3,4,3,4,"Male","Faculty of Social Sciences","human kinetics","1st year","Yes","Moderate PA"
7.35,70.675,39.45,24,4,2,4,2,3,2,2,3,4,2,4,4,3,2,5,4,1,4,"Female","Faculty of Social Sciences","health science","1st year","No","Vigorous PA"
293.182,262.075,102.429,25,4,4,5,2,5,4,2,4,3,3,4,4,4,1,4,4,2,2,"Female","Faculty of Arts","Finance","2nd year","No","Inactive"
56.681,236.627,136.115,19,3,3,4,4,5,2,2,4,2,2,3,1,2,3,4,2,1,5,"Female","Faculty of Science","BScN","2nd year","No","Moderate PA"
117.07,116.724,120.437,24,4,3,5,3,3,4,3,1,5,1,1,3,4,2,2,2,4,3,"Male","Telfer School of Management","Biomedical Sciences","2nd year","Yes","Light PA"
4.148,85.8,126.4,19,3,2,2,2,3,2,3,2,2,4,1,2,2,2,4,5,2,5,"Female","Telfer School of Management","Criminology","2nd year","No","Vigorous PA"
8.079,60.614,72.537,22,4,2,4,2,3,2,3,3,2,2,2,2,3,1,4,2,2,4,"Female","Faculty of Science","Biomedical Science","1st year","Yes","Moderate PA"
3.297,13.238,57.604,20,1,1,4,2,4,2,2,3,5,3,2,5,4,3,3,3,2,1,"Female","Faculty of Social Sciences","Commerce","1st year","No","Light PA"
166.051,52.051,68.756,27,4,3,5,5,4,2,4,3,3,1,3,2,3,2,3,4,4,4,"Female","Faculty of Health Sciences","Finance","1st year","No","Moderate PA"
5.232,130.085,89.91,51,4,1,1,4,2,2,3,1,2,1,2,5,2,1,4,3,1,4,"Male","Telfer School of Management","health sciences","1st year","Yes","Light PA"
2.474,13.605,127.163,19,1,1,1,4,4,2,5,4,3,5,3,1,2,2,4,1,3,4,"Female","Faculty of Social Sciences","Psychology","1st year","Yes","Light PA"
2.448,49.361,291.901,21,4,4,3,1,3,4,4,2,1,1,4,4,3,3,5,2,3,5,"Male","Faculty of Arts","Accounting","1st year","Yes","Light PA"
8.191,149.348,9.262,27,4,1,4,1,1,3,2,4,2,1,3,4,2,1,5,5,2,4,"Female","Faculty of Science","Psychology","5th year","Yes","Vigorous PA"
6.759,714.582,89.91,19,1,3,2,3,3,1,4,2,4,2,3,4,3,2,2,1,1,4,"Male","Faculty of Science","Nursing","2nd year","No","Light PA"
4.456,105.804,27.741,22,3,3,3,2,2,2,2,3,4,1,3,3,4,3,4,4,3,1,"Male","Telfer School of Management","accounting","1st year","Yes","Vigorous PA"
10.8,842.157,62.953,19,1,1,4,2,3,3,3,2,3,2,2,2,3,1,4,3,2,4,"Male","Telfer School of Management","biomed","2nd year","Yes","Light PA"
43.029,108.432,55.339,27,4,2,4,1,4,2,3,2,1,4,3,1,3,2,4,1,1,4,"Female","Faculty of Health Sciences","Psychology","1st year","Yes","Moderate PA"
5.228,211.801,72.308,20,2,1,4,2,4,3,3,3,3,1,3,5,4,1,5,1,2,5,"Female","Telfer School of Management","economic","3rd year","No","Light PA"
3.125,108.147,10.377,20,4,3,4,1,4,2,5,5,4,2,4,3,3,2,3,4,2,5,"Female","Telfer School of Management","human kinetics","1st year","No","Light PA"
19.942,76.991,176.801,27,2,2,2,1,3,2,5,4,3,1,1,2,4,4,3,2,3,2,"Male","Faculty of Health Sciences","Criminology","1st year","No","Vigorous PA"
3.9,147.273,122.259,29,5,3,4,4,4,1,4,2,3,1,2,4,4,3,3,2,2,2,"Female","Faculty of Arts","Food and Nutrition Science","2nd year","Yes","Light PA"
393.496,120.925,74.102,19,3,2,4,4,5,1,2,3,3,3,3,2,4,5,4,4,1,3,"Female","Faculty of Science","psychology and linguistics","2nd year","No","Light PA"
4.869,71.932,157.722,19,3,4,3,2,4,2,5,1,2,1,2,3,3,2,4,4,2,3,"Female","Faculty of Egineering","Biomedical Sciences","1st year","Yes","Light PA"
6.193,492.025,141.52,18,4,2,4,4,2,2,5,3,3,1,4,1,3,2,5,4,3,3,"Female","Telfer School of Management","Finance","1st year","No","Light PA"
23.794,135.496,78.809,26,4,1,4,4,4,2,3,3,4,4,2,3,3,2,3,4,1,4,"Female","Faculty of Health Sciences","International Development & Globalization","1st year","Yes","Moderate PA"
7.43,103.31,60.944,22,4,2,2,1,4,1,3,2,5,3,3,1,5,4,4,4,1,3,"Female","Faculty of Arts","Psychology","1st year","Yes","Light PA"
0.911,117.461,245.929,21,2,1,5,4,4,4,4,1,2,2,2,3,3,3,2,2,3,3,"Female","Faculty of Science","Psychology","1st year","Yes","Light PA"
10.655,70.308,119.605,22,4,4,5,4,3,4,4,2,2,2,3,3,2,1,4,4,3,5,"Male","Telfer School of Management","Communications and Sociology","2nd year","No","Light PA"
10.08,121.872,75.069,21,4,1,2,2,4,2,2,1,3,4,3,1,2,4,2,3,1,3,"Female","Faculty of Arts","Health Sciences","3rd year","Yes","Moderate PA"
12.321,70.505,89.91,36,4,2,3,2,5,4,2,2,5,1,2,4,3,3,4,3,3,4,"Female","Faculty of Health Sciences","Major in Visual Arts","1st year","Yes","Moderate PA"
6.831,74.008,144.755,18,3,2,2,1,3,4,4,5,2,2,4,2,4,2,3,2,2,4,"Female","Faculty of Science","psych","3rd year","No","Moderate PA"
135.834,125.968,92.38,25,2,2,2,3,5,2,4,1,4,3,3,4,5,1,4,2,2,4,"Female","Faculty of Health Sciences","joint honors in psychology and linguistics","2nd year","Yes","Moderate PA"
23.57,11.381,166.622,18,4,4,3,1,3,2,4,4,5,1,3,2,2,2,3,3,3,2,"Female","Faculty of Social Sciences","Kinesiology","4th year","Yes","Light PA"
342.236,76.646,208.667,40,2,2,3,2,5,5,4,2,5,1,4,4,3,4,3,4,2,3,"Male","Faculty of Health Sciences","Major in Visual Arts","2nd year","No","Light PA"
11.177,76.991,157.436,18,4,1,3,2,4,1,3,2,1,1,2,1,4,3,4,4,3,2,"Female","Faculty of Arts","Nursing","1st year","Yes","Inactive"
3.913,71.192,15.301,22,2,4,3,1,4,1,4,2,3,3,2,1,4,1,4,4,3,5,"Male","Faculty of Health Sciences","management","1st year","Yes","Light PA"
10.143,106.574,87.525,25,3,4,4,2,3,1,5,2,4,2,3,4,3,1,4,2,2,4,"Male","Faculty of Health Sciences","Psychology","1st year","No","Vigorous PA"
13.942,23.984,103.759,20,3,2,2,4,5,4,3,2,4,2,2,3,3,2,4,1,1,3,"Female","Faculty of Health Sciences","criminology","1st year","Yes","Vigorous PA"
6.591,594.23,210.574,24,5,1,2,3,3,4,2,4,3,4,4,4,2,3,5,3,2,4,"Female","Faculty of Science","Psychology BSc.","1st year","Yes","Vigorous PA"
36.756,110.133,169.078,20,5,3,3,1,3,2,2,1,4,2,2,3,2,1,1,5,4,4,"Female","Faculty of Science","poli sci","1st year","Yes","Light PA"
23.549,136.383,89.91,21,4,3,5,1,4,2,3,1,5,3,4,4,3,4,2,1,1,4,"Female","Telfer School of Management","Health Science","2nd year","Yes","Moderate PA"
14.152,78.406,115.304,39,4,1,4,2,4,4,3,2,2,2,2,2,4,2,4,4,3,3,"Female","Telfer School of Management","Management","4th year","No","Moderate PA"
6.142,343.236,103.759,19,4,2,3,2,4,1,3,2,3,4,4,3,4,4,4,5,5,4,"Female","Faculty of Science","Bachelor of commerce with specialization in accounting","1st year","Yes","Inactive"
21.93,92.038,12.023,31,3,4,4,3,5,2,3,4,4,1,3,1,5,1,4,5,4,2,"Female","Faculty of Health Sciences","Computer Engineering","1st year","Yes","Moderate PA"
4.081,138.111,370.76,21,1,2,2,5,1,4,5,1,4,3,3,4,3,1,4,3,2,4,"Male","Faculty of Health Sciences","biomed sciences","1st year","Yes","Light PA"
9.375,444.48,522.863,18,5,4,4,3,3,2,4,4,3,2,3,3,3,2,4,2,1,5,"Male","Faculty of Social Sciences","Psychology","3rd year","Yes","Inactive"
17.668,169.887,114.526,37,4,4,5,3,2,3,2,3,2,3,3,1,3,2,5,3,3,2,"Female","Faculty of Social Sciences","Nursing","1st year","Yes","Vigorous PA"
48.798,284.119,127.247,22,4,1,3,1,5,1,2,2,3,2,2,1,4,1,4,3,2,4,"Male","Faculty of Social Sciences","Biochemistry","2nd year","Yes","Moderate PA"
8.251,11.381,93.859,19,4,4,4,4,1,2,2,3,2,1,3,3,2,3,3,5,2,2,"Female","Telfer School of Management","Health Sciences","1st year","Yes","Moderate PA"
5.992,96.677,71.347,19,5,4,1,3,3,4,4,2,3,1,4,2,4,2,4,1,2,5,"Female","Telfer School of Management","Criminology","1st year","No","Light PA"
18.801,67.431,230.929,19,3,4,4,3,2,2,5,1,2,3,3,1,2,2,4,4,1,5,"Male","Faculty of Science","Biomed","Other","No","Moderate PA"
11.899,52.785,64.878,20,4,3,4,3,4,3,4,2,2,2,2,1,5,3,2,4,1,5,"Female","Faculty of Health Sciences","Accounting","2nd year","No","Inactive"
136.74,278.645,235.878,24,5,3,4,2,4,3,5,3,3,3,2,3,4,4,3,3,2,2,"Male","Faculty of Arts","Biomedical Science","1st year","Yes","Light PA"
3.913,218.283,86.565,20,2,4,5,4,3,3,4,2,4,1,2,4,4,5,4,4,3,4,"Female","Faculty of Science","Human Kinetics","3rd year","No","Moderate PA"
19.891,99.787,139.938,22,2,4,4,4,4,4,3,2,2,1,3,4,3,3,2,3,2,1,"Female","Faculty of Health Sciences","Political science and juris doctor","2nd year","Yes","Moderate PA"
22.452,87.595,93.332,28,3,4,2,2,4,4,2,3,3,2,3,4,3,2,4,4,1,3,"Male","Faculty of Health Sciences","Nursing","3rd year","No","Light PA"
7.851,121.925,127.242,20,3,1,3,2,3,4,3,2,4,1,2,1,2,2,2,1,2,4,"Female","Faculty of Health Sciences","B. Commerce and J.D.","2nd year","Yes","Vigorous PA"
29.583,34.901,81.321,28,5,3,2,3,4,2,3,3,2,3,2,4,4,3,4,2,1,5,"Female","Faculty of Health Sciences","biopharmaceutical science","1st year","No","Moderate PA"
5.22,69.665,63.1,20,2,4,4,3,3,3,3,4,3,1,3,3,3,1,4,3,1,2,"Female","Faculty of Health Sciences","BTM","4th year","Yes","Light PA"
3.073,132.055,279.658,18,2,1,5,4,2,2,3,4,2,3,1,2,4,2,3,3,4,4,"Female","Faculty of Social Sciences","Statistics","1st year","Yes","Inactive"
8.88,111.927,175.514,28,2,4,4,2,5,2,3,1,3,2,2,1,2,2,5,5,1,5,"Female","Faculty of Science","jd/bcom","4th year","No","Vigorous PA"
16.097,125.493,62.349,21,4,1,3,1,4,3,5,2,5,4,1,3,3,1,2,4,3,4,"Female","Faculty of Health Sciences","Biomedical Science","1st year","No","Vigorous PA"
36.412,29.561,166.544,34,4,2,4,4,2,1,3,4,4,2,3,3,4,2,5,4,3,4,"Female","Faculty of Social Sciences","Biomedical science","3rd year","Yes","Moderate PA"
1.612,112.736,39.45,23,2,4,4,1,3,4,2,2,4,3,1,1,4,4,3,3,2,3,"Female","Faculty of Social Sciences","Accounting","1st year","Yes","Vigorous PA"
22.331,55.311,10.261,20,5,2,3,2,4,3,2,2,2,2,3,2,5,4,4,4,4,4,"Female","Faculty of Health Sciences","Honours Bachelor of Science in Computer Science","1st year","Yes","Moderate PA"
11.48,148.119,74.628,21,5,2,4,3,5,1,2,4,2,2,4,1,4,2,5,1,5,4,"Male","Faculty of Social Sciences","psychology","4th year","Yes","Moderate PA"
4.456,65.181,277.2,24,2,2,4,3,3,1,3,3,2,2,2,2,5,1,3,3,3,5,"Female","Faculty of Social Sciences","Accounting","1st year","Yes","Light PA"
25.863,255.579,81.126,35,4,1,4,3,5,5,2,2,4,4,2,3,3,2,2,4,4,3,"Female","Telfer School of Management","Biomedical sciences","1st year","Yes","Light PA"
0.873,193.663,80.43,32,2,2,4,3,5,3,5,2,3,3,3,3,2,2,5,4,1,5,"Female","Telfer School of Management","psychology","4th year","No","Moderate PA"
41.92,85.8,84.541,43,4,3,3,3,4,2,5,2,1,2,1,2,4,3,4,2,4,4,"Female","Faculty of Health Sciences","Health Science","1st year","Yes","Light PA"
1.508,30.202,103.307,21,4,3,2,5,4,1,3,2,5,2,5,2,2,2,4,4,1,5,"Female","Faculty of Social Sciences","Biomedical science","2nd year","Yes","Inactive"
30.304,7.042,84.541,40,5,4,4,1,4,3,4,1,3,2,3,3,4,2,3,3,4,5,"Female","Faculty of Egineering","Human Kinetics","1st year","Yes","Moderate PA"
4.456,126.471,135.2,22,3,2,5,2,5,3,5,1,3,4,3,4,4,3,4,4,3,5,"Female","Faculty of Science","Marketing","3rd year","Yes","Inactive"
11.782,102.458,84.038,20,5,2,3,2,1,2,3,1,2,2,3,1,1,1,5,5,2,2,"Female","Telfer School of Management","Health Science","1st year","No","Vigorous PA"
12.321,176.895,37.295,21,4,2,2,3,2,2,4,4,3,2,5,1,2,3,5,3,2,5,"Female","Telfer School of Management","Psychology","4th year","No","Moderate PA"
2.448,8.983,86.565,22,3,1,3,2,4,2,4,1,5,3,4,2,4,2,3,4,1,2,"Male","Faculty of Science","Health Sciences","1st year","Yes","Light PA"
0.852,95.891,10.614,28,3,3,2,1,3,1,3,2,4,3,3,4,2,1,4,4,2,4,"Female","Telfer School of Management","Psychology linguistics","1st year","No","Inactive"
8.252,69.939,205.948,24,4,4,2,3,4,4,2,2,3,1,2,1,3,1,5,4,2,5,"Female","Faculty of Social Sciences","Human Kinetics","1st year","Yes","Light PA"
5.992,50.127,133.002,22,5,4,1,2,4,3,3,4,2,2,3,2,3,1,4,4,4,5,"Male","Faculty of Social Sciences","Business Technology Management","1st year","No","Light PA"
2.557,171.738,139.938,19,3,4,2,1,4,3,4,1,3,2,4,2,3,1,3,2,1,3,"Female","Telfer School of Management","Human Kinetics","1st year","Yes","Inactive"
13.864,74.768,60.944,26,3,2,3,2,5,4,3,4,5,2,2,4,3,2,4,4,3,4,"Male","Telfer School of Management","Health Sciences","2nd year","No","Moderate PA"
0.795,49.466,9.365,20,3,1,5,3,3,4,5,5,2,5,1,3,3,3,4,4,2,4,"Male","Faculty of Science","Software Engineering","2nd year","Yes","Light PA"
9.642,197.947,161.148,31,4,2,3,2,4,4,4,3,2,3,1,3,1,2,3,3,3,5,"Female","Faculty of Social Sciences","Nursing","1st year","No","Light PA"
17.342,103.31,92.734,19,2,2,5,1,4,2,3,4,3,3,3,4,3,2,3,4,1,4,"Female","Faculty of Science","Honours BSc Biomedical Science","1st year","Yes","Light PA"
8.312,31.741,93.202,73,2,5,5,1,2,5,3,2,3,3,1,4,3,2,4,4,2,1,"Female","Faculty of Social Sciences","human kinetics","1st year","Yes","Light PA"
6.621,208.766,84.989,18,3,3,3,2,4,2,3,5,2,2,3,2,4,4,5,2,2,3,"Female","Telfer School of Management","Psychology BSc.","1st year","Yes","Moderate PA"
1.058,84.907,97.187,22,5,3,4,1,1,3,4,1,3,3,2,5,3,1,5,4,2,4,"Female","Faculty of Health Sciences","Biomedical Sciences","1st year","No","Moderate PA"
22.195,56.492,117.041,19,4,2,4,1,3,3,4,4,4,1,1,3,4,2,5,1,4,4,"Female","Faculty of Arts","Finance","1st year","Yes","Moderate PA"
11.424,278.645,130.717,20,4,2,4,2,4,2,4,1,2,3,3,1,4,2,4,4,3,4,"Male","Faculty of Arts","Computer Science","1st year","Yes","Moderate PA"
3.651,125.553,67.828,19,3,2,4,4,4,5,3,3,3,2,4,2,5,2,4,4,3,2,"Male","Faculty of Arts","Computer Science","3rd year","No","Light PA"
3.895,71.192,113.701,19,3,3,4,2,2,1,2,2,5,1,2,1,2,3,2,2,1,2,"Female","Faculty of Science","Health Sciences","2nd year","Yes","Moderate PA"
8.99,121.872,95.351,24,5,3,4,5,3,5,2,2,3,2,1,3,3,2,5,4,1,2,"Female","Telfer School of Management","accounting","1st year","Yes","Light PA"
18.971,19.316,68.361,28,2,2,3,2,5,2,3,2,2,3,2,4,3,2,3,2,2,4,"Female","Faculty of Science","Nursing","2nd year","Yes","Moderate PA"
136.74,90.116,15.702,19,4,3,5,2,2,4,2,2,4,1,3,5,3,3,4,4,1,4,"Female","Faculty of Egineering","Software Engineering","2nd year","Yes","Inactive"
1.508,104.32,18.935,26,1,2,1,1,5,2,4,4,2,2,4,3,3,2,4,1,1,5,"Male","Faculty of Health Sciences","finance","2nd year","Yes","Vigorous PA"
30.966,105.256,344.095,22,2,2,3,3,5,4,2,2,4,2,3,3,2,1,4,3,3,1,"Male","Telfer School of Management","Bachelor of Science in Nursing","2nd year","Yes","Light PA"
6.046,119.352,82.43,21,4,2,4,1,3,2,4,2,4,4,5,3,3,3,3,3,2,2,"These options do not apply to me. I identify as (please specify):","Faculty of Science","B. Commerce and J.D.","2nd year","No","Light PA"
10.973,101.635,27.741,19,5,2,5,3,5,2,4,3,2,1,2,2,4,1,4,4,4,3,"Female","Faculty of Social Sciences","Health Sciences","1st year","No","Moderate PA"
1.658,61.711,92.38,18,2,4,3,2,5,3,5,1,2,2,4,2,4,2,3,3,1,4,"Male","Faculty of Science","health sciences","3rd year","No","Moderate PA"
21.962,17.726,522.863,19,2,2,2,2,5,2,4,4,3,4,3,2,2,1,4,2,1,4,"Female","Faculty of Health Sciences","Honours Bsc psychology","1st year","Yes","Vigorous PA"
5.232,85.078,80.251,18,3,4,5,2,2,4,5,2,3,2,5,4,3,1,3,2,3,3,"Female","Faculty of Health Sciences","Biomedical Science","2nd year","No","Vigorous PA"
6.328,55.311,1341.374,25,3,2,3,2,3,4,2,5,2,3,1,3,2,4,4,2,5,4,"Female","Faculty of Egineering","Finance","2nd year","No","Inactive"
7.545,138.111,174.152,18,3,3,5,4,3,3,4,2,3,1,4,2,3,3,4,3,3,4,"Female","Faculty of Health Sciences","Nursing","4th year","No","Moderate PA"
20.28,415.484,220.865,50,3,2,2,3,1,5,4,2,4,3,5,4,5,2,2,1,3,4,"Female","Faculty of Health Sciences","Health Sciences","2nd year","Yes","Moderate PA"
14.093,108.414,1341.374,28,4,2,4,5,3,2,3,2,4,2,2,1,1,4,5,3,1,4,"Female","Telfer School of Management","Nursing","1st year","Yes","Light PA"
1.266,61.711,74.845,41,4,1,4,1,4,2,3,2,3,4,2,3,4,2,4,4,2,5,"Female","Faculty of Health Sciences","health science","1st year","Yes","Moderate PA"
11.391,72.252,116.615,18,2,2,5,3,3,2,1,3,2,3,1,1,2,2,2,3,1,2,"Male","Faculty of Health Sciences","Honours Health Science","2nd year","No","Light PA"
6.968,14.25,75.647,18,3,3,1,2,5,2,5,3,4,2,1,2,4,3,3,4,3,4,"Female","Telfer School of Management","psychology","1st year","No","Inactive"
14.329,123.389,10.312,22,2,3,2,1,5,4,5,4,4,1,5,2,4,2,5,4,3,4,"Female","Faculty of Science","accounting","1st year","No","Light PA"
4.801,78.608,107.054,20,1,1,5,3,5,2,3,2,2,2,3,3,2,1,3,4,1,4,"Female","Faculty of Health Sciences","Nursing","1st year","Yes","Light PA"
7.412,92.784,948.376,32,4,3,2,2,4,2,4,5,2,4,4,2,1,5,3,2,1,4,"Female","Telfer School of Management","Nursing","1st year","Yes","Inactive"
10.987,79.231,74.071,20,1,2,5,4,5,1,5,1,2,1,1,2,3,2,3,3,2,4,"Male","Telfer School of Management","Health science","1st year","No","Light PA"
10.123,66.016,100.916,20,4,1,4,4,2,2,3,2,1,3,3,3,5,4,3,2,1,5,"Female","Faculty of Science","Marketing","2nd year","Yes","Inactive"
18.322,63.598,144.307,19,2,2,2,1,4,2,3,4,4,2,2,3,3,1,2,4,2,3,"Female","Telfer School of Management","accounting","1st year","Yes","Light PA"
9.882,82.803,61.882,24,4,1,1,4,2,1,3,1,5,2,3,3,5,2,4,3,3,3,"Female","Telfer School of Management","Psychology","1st year","Yes","Inactive"
0.685,77.195,99.522,19,1,1,2,1,2,3,2,4,3,4,3,4,2,4,4,4,2,4,"Male","Faculty of Health Sciences","Second Language Teaching","1st year","Yes","Moderate PA"
11.135,252.33,348.725,23,4,4,4,2,3,4,4,2,3,4,4,1,4,3,5,5,4,5,"Female","Faculty of Science","Computer Science","1st year","No","Inactive"
449.603,71.173,121.016,20,5,2,4,2,3,1,2,4,4,1,2,2,3,3,3,4,3,3,"Male","Telfer School of Management","criminology","1st year","No","Moderate PA"
0.743,116.392,97.925,24,2,1,3,5,5,2,4,2,3,1,5,3,2,1,2,4,2,1,"Female","Faculty of Arts","Joint Honours BA in Psychology and Linguistics","3rd year","Yes","Light PA"
12.696,166.715,266.145,19,3,2,4,2,4,4,4,1,2,3,3,2,3,1,3,3,2,5,"Female","Telfer School of Management","B.com avec spécialisation en comptabilité","1st year","Yes","Light PA"
82.806,116.622,250.786,29,3,4,3,2,3,2,2,5,3,2,2,1,4,5,4,4,2,3,"Male","Faculty of Science","biomedical science","2nd year","No","Light PA"
14.093,62.47,843.5,27,4,3,4,2,3,1,2,1,4,4,3,2,4,1,2,4,2,2,"Female","Telfer School of Management","Management","1st year","Yes","Inactive"
13.495,178.495,54.109,27,4,3,4,2,4,4,4,2,4,1,2,4,5,4,4,4,4,5,"Female","Faculty of Science","Health Science","1st year","Yes","Vigorous PA"
9.882,111.927,37.295,21,3,4,5,3,4,1,3,5,2,2,3,2,4,1,3,3,2,4,"Female","Faculty of Health Sciences","Biomedical","1st year","Yes","Light PA"
8.04,106.826,71.082,22,3,2,4,4,4,1,2,2,3,2,2,1,3,3,2,3,1,5,"Female","Faculty of Health Sciences","Health Science","4th year","Yes","Light PA"
0.911,83.48,71.511,21,3,3,3,3,4,4,3,2,2,1,3,4,4,2,4,4,2,4,"Male","Faculty of Science","psych","2nd year","Yes","Vigorous PA"
2.044,80.647,83.252,19,5,2,2,4,4,2,4,3,4,3,3,4,4,3,4,4,4,3,"Female","Faculty of Health Sciences","Health Science","1st year","No","Vigorous PA"
29.583,42.257,108.211,28,4,2,3,2,5,4,4,3,2,2,3,4,4,3,3,4,4,3,"Female","Faculty of Science","interdisciplinary health sciences","2nd year","Yes","Inactive"
4.869,1327.55,20.368,30,4,1,4,2,4,2,5,3,4,4,4,3,3,4,3,2,3,5,"Female","Faculty of Social Sciences","Psychology BSc.","2nd year","No","Inactive"
9.586,85.818,88.939,19,4,4,5,1,3,4,3,2,3,3,1,3,4,2,4,4,1,3,"Female","Faculty of Health Sciences","Biomedical Science","2nd year","Yes","Vigorous PA"
7.851,147.615,285.993,27,3,3,4,2,5,2,4,2,4,1,3,1,5,3,4,3,2,2,"Male","Faculty of Health Sciences","Business Technology Management","1st year","Yes","Inactive"
9.003,132.302,121.016,31,4,3,4,3,4,1,4,2,4,2,2,3,3,3,2,1,5,3,"Female","Faculty of Science","bachelors of health sciences","2nd year","Yes","Vigorous PA"
6.509,73.443,57.604,23,2,2,4,5,4,1,5,1,3,2,4,2,4,2,3,4,1,3,"Female","Faculty of Social Sciences","accounting","1st year","Yes","Inactive"
9.223,83.48,78.809,22,4,4,3,1,3,3,2,1,4,3,4,2,4,2,4,2,1,4,"Female","Faculty of Social Sciences","HK","1st year","Yes","Moderate PA"
0.669,344.668,122.727,29,4,2,5,2,3,3,1,1,4,1,2,3,3,2,4,3,2,4,"Male","Faculty of Social Sciences","poli sci","1st year","No","Moderate PA"
18.074,90.145,13.96,20,1,4,3,2,5,2,3,2,1,4,4,3,3,2,2,3,2,3,"Female","Telfer School of Management","Political Sciences","1st year","Yes","Vigorous PA"
12.248,67.529,89.94,43,3,1,4,1,4,2,5,2,3,2,2,4,2,4,3,3,2,4,"Female","Telfer School of Management","BScN","2nd year","Yes","Moderate PA"
5.572,156.755,66.576,43,5,2,4,2,4,2,4,4,3,3,3,3,3,1,4,4,4,2,"Female","Faculty of Science","Health Sciences","3rd year","Yes","Light PA"
16.727,159.672,197.725,24,4,2,4,1,4,2,3,3,2,4,3,3,4,2,4,3,1,5,"Male","Faculty of Science","Accounting","3rd year","No","Light PA"
47.978,97.674,111.542,19,2,3,4,5,4,2,4,3,4,1,2,2,4,3,2,3,2,4,"Female","Faculty of Social Sciences","Management","3rd year","Yes","Inactive"
21.708,57.939,29.74,20,4,2,2,1,3,2,3,2,2,1,3,1,4,2,5,3,3,3,"Female","Faculty of Science","Biomed","1st year","Yes","Light PA"
39.301,195.445,95.371,19,5,2,3,2,4,3,4,2,3,3,4,2,2,2,5,4,3,3,"Male","Faculty of Health Sciences","psychology / philosophy","2nd year","No","Moderate PA"
9.666,444.48,85.087,18,4,1,5,1,4,2,3,1,4,2,1,1,4,3,4,4,4,2,"Male","Telfer School of Management","biomed sciences","1st year","Yes","Inactive"
11.818,82.803,134.968,19,3,5,4,3,3,5,4,2,1,1,2,5,4,2,5,3,2,4,"Female","Telfer School of Management","finance","1st year","No","Inactive"
5.392,594.23,79.327,20,2,4,3,1,3,3,3,2,5,1,4,2,4,1,3,1,2,5,"Female","Faculty of Science","Nursing","1st year","No","Light PA"
40.558,81.683,72.749,24,3,2,2,3,2,3,2,4,2,1,4,3,3,2,4,2,2,4,"Female","Faculty of Social Sciences","Psychology Ba","3rd year","Yes","Inactive"
20.789,159.672,120.887,20,2,3,3,3,4,3,3,3,3,2,2,2,3,3,1,4,3,4,"Female","Faculty of Science","Accounting","4th year","Yes","Vigorous PA"
12.065,21.43,122.246,43,4,3,4,4,4,3,2,2,3,2,2,3,2,2,3,3,4,2,"Female","Faculty of Health Sciences","Psychology","1st year","No","Light PA"
10.008,125.553,105.363,21,1,2,4,3,1,3,2,1,2,2,3,2,4,2,4,3,2,1,"Male","Faculty of Science","Honours BCom","1st year","Yes","Inactive"
1.048,80.371,41.093,19,3,2,3,3,3,2,3,2,3,2,3,2,4,2,4,3,2,1,"Female","Faculty of Science","interdisciplinary health sciences","2nd year","Yes","Light PA"
6.581,61.711,61.605,26,4,2,5,3,4,2,4,2,3,2,4,1,4,1,5,1,1,2,"Female","Faculty of Science","Economics","2nd year","No","Inactive"
22.202,42.928,43.8,27,3,2,4,5,4,3,5,2,5,3,3,2,1,1,2,4,1,5,"Female","Telfer School of Management","Bachelors Honours of Health Science","1st year","Yes","Inactive"
9.223,148.119,13.223,22,5,2,4,1,1,2,4,2,4,3,2,1,2,1,3,4,4,5,"Female","Faculty of Arts","finance","2nd year","No","Vigorous PA"
0.501,13.605,163.363,25,4,2,2,1,5,3,4,4,3,4,3,1,4,5,3,2,4,2,"Male","Faculty of Science","psychology","1st year","Yes","Inactive"
22.331,108.619,103.886,21,2,2,3,2,4,3,2,4,2,1,2,1,2,2,4,3,1,4,"Female","Faculty of Arts","Food and Nutrition Science","1st year","Yes","Inactive"
28.271,134.163,61.485,25,4,3,5,4,4,1,3,3,3,5,4,4,3,3,3,4,1,4,"Female","Faculty of Social Sciences","Biomedical","1st year","No","Moderate PA"
19.942,278.645,134.125,43,5,1,3,2,4,2,2,2,3,3,3,1,2,2,2,4,2,3,"Male","Faculty of Arts","Biochemistry","1st year","No","Moderate PA"
17.668,126.802,1013.663,22,3,4,3,2,5,2,3,1,3,1,3,2,3,3,3,5,4,5,"Female","Faculty of Health Sciences","Biomedical Science","2nd year","Yes","Vigorous PA"
7.759,67.431,66.691,18,4,2,2,4,4,3,5,4,5,2,1,3,3,1,4,4,2,3,"Female","Faculty of Science","Health Sciences","2nd year","Yes","Moderate PA"
19.496,284.302,88.676,22,2,1,5,2,5,4,5,3,4,1,3,1,1,2,3,3,2,4,"Female","Faculty of Health Sciences","Political Sciences","1st year","No","Light PA"
4.559,104.048,61.605,19,3,5,3,3,5,2,2,2,2,4,4,2,4,2,4,2,4,4,"Male","Faculty of Science","Biomedical Science","4th year","Yes","Moderate PA"
0.911,76.774,57.673,19,3,4,5,2,5,2,4,4,2,1,4,2,4,1,2,3,2,3,"Male","Faculty of Social Sciences","Nursing","2nd year","Yes","Light PA"
11.562,168.273,73.927,23,4,2,3,2,4,2,2,4,3,3,3,2,4,4,4,3,1,4,"Female","Faculty of Health Sciences","Psychology","1st year","Yes","Moderate PA"
9.217,96.677,134.968,27,4,3,4,3,4,4,4,5,3,2,3,4,4,4,3,3,4,4,"Male","Faculty of Science","psychology","1st year","Yes","Moderate PA"
18.971,270.249,37.295,24,3,2,4,4,3,2,4,2,5,1,1,2,5,2,4,3,3,3,"Female","Telfer School of Management","health science","2nd year","Yes","Moderate PA"
6.007,383.563,79.327,23,5,4,3,2,4,4,4,2,3,2,4,1,4,2,3,3,1,4,"Male","Telfer School of Management","Health Sciences","1st year","No","Light PA"
9.364,96.629,85.128,19,5,2,2,4,4,2,3,1,4,2,3,3,4,4,3,3,2,4,"Female","Faculty of Science","BA Psychology","2nd year","Yes","Light PA"
6.992,174.084,88.324,18,3,3,5,2,2,2,3,1,4,3,3,4,4,1,3,2,2,4,"Female","Faculty of Social Sciences","Nursing","2nd year","No","Moderate PA"
4.426,21.43,128.592,22,2,2,2,3,1,4,1,1,4,2,4,1,2,1,3,2,3,5,"Female","Telfer School of Management","Computer Science","4th year","Yes","Moderate PA"
2.075,159.253,120.437,22,1,2,4,2,5,2,4,2,3,3,2,1,3,2,4,4,3,2,"Female","Faculty of Social Sciences","Computer Science","1st year","Yes","Moderate PA"
9.003,156.489,46.883,20,5,1,4,2,5,1,3,3,2,3,4,1,3,1,1,4,1,4,"Female","Telfer School of Management","Biomed","1st year","No","Vigorous PA"
394.503,138.205,65.501,26,2,3,3,1,5,2,4,3,2,1,4,3,2,1,4,5,3,3,"Female","Telfer School of Management","Nursing","2nd year","No","Light PA"
22.541,65.754,122.246,20,5,2,3,2,3,1,4,4,2,3,1,4,5,2,3,3,2,2,"Female","Telfer School of Management","Finance","1st year","Yes","Moderate PA"
4.657,492.1,149.831,20,4,1,4,4,4,1,3,1,2,2,3,3,4,2,5,4,4,5,"Female","Faculty of Social Sciences","Honours Business Technology Management","2nd year","Yes","Light PA"
8.76,30.202,115.304,27,3,2,2,2,2,4,3,4,3,2,2,2,1,2,4,4,1,4,"Female","Faculty of Social Sciences","Psychology","1st year","No","Inactive"
6.621,118.68,331.765,31,2,4,2,3,4,1,3,1,2,1,2,2,4,3,4,4,3,4,"Female","Faculty of Science","Biomedical Science","2nd year","Yes","Moderate PA"
2.615,113.775,331.765,25,4,3,3,3,4,2,1,2,1,4,3,3,4,2,2,3,2,3,"Female","Faculty of Science","social sciences","1st year","Yes","Moderate PA"
13.035,77.195,225.409,21,3,2,4,4,2,2,2,2,3,3,2,3,4,2,1,4,2,5,"Male","Faculty of Health Sciences","health science","1st year","Yes","Light PA"
6.552,78.402,31.451,20,3,1,2,4,4,2,4,4,3,3,2,2,4,2,5,4,2,5,"Female","Faculty of Social Sciences","Biomedical sciences","2nd year","Yes","Light PA"
42.861,90.076,111.74,23,4,2,2,2,4,4,3,1,2,3,2,1,2,2,4,3,2,5,"Female","Faculty of Social Sciences","Health Science","5th year","Yes","Inactive"
13.148,112.865,77.766,26,4,3,2,4,5,1,3,2,5,3,3,2,1,4,4,4,2,2,"Female","Telfer School of Management","Nursing","1st year","Yes","Light PA"
36.756,78.129,16.378,37,5,2,4,1,3,2,3,4,3,1,3,2,1,3,4,3,3,5,"Male","Telfer School of Management","Psychology","2nd year","Yes","Moderate PA"
22.986,784.402,67.575,22,2,2,4,2,4,3,4,2,1,3,5,1,1,4,4,3,1,5,"Male","Faculty of Social Sciences","Computer Science","2nd year","Yes","Inactive"
19.563,211.801,113.36,38,5,2,3,1,2,1,2,4,3,3,4,3,3,4,5,2,2,4,"Female","Faculty of Health Sciences","Psychology","4th year","Yes","Light PA"
0.838,241.411,39.45,20,2,1,5,1,3,2,1,1,3,2,3,1,4,4,4,4,3,5,"Female","Faculty of Egineering","CRM and PSY","1st year","No","Moderate PA"
0.812,71.192,55.356,32,4,3,4,1,4,2,5,4,1,2,4,3,4,2,2,3,4,5,"Female","Faculty of Health Sciences","criminology","1st year","No","Inactive"
37.37,92.236,70.322,25,2,4,4,1,4,1,4,4,4,2,4,3,3,4,1,4,4,4,"Female","Telfer School of Management","Accounting","1st year","No","Light PA"
0.43,78.608,114.52,22,3,3,2,4,3,5,2,1,2,2,3,4,2,2,3,3,1,4,"Female","Faculty of Health Sciences","accounting","1st year","No","Moderate PA"
19.052,65.243,68.756,19,2,2,4,5,3,2,3,2,2,1,3,1,4,4,3,3,2,4,"Female","Faculty of Arts","sociology and communications","1st year","No","Light PA"
342.236,40.101,109.893,19,5,2,4,3,3,4,3,4,4,2,4,1,1,2,4,4,3,3,"Female","Telfer School of Management","Psychology","3rd year","Yes","Vigorous PA"
8.103,71.12,117.65,21,4,3,4,4,3,2,3,4,3,3,5,3,4,3,4,4,3,4,"Male","Telfer School of Management","psychology and linguistics","1st year","No","Inactive"
11.177,495.654,118.161,21,1,1,4,1,4,3,4,1,2,1,1,1,2,2,3,3,2,4,"Male","Telfer School of Management","Political Science","1st year","Yes","Light PA"
8.941,176.895,149.831,34,5,1,4,2,5,2,3,3,2,1,3,1,4,3,1,4,1,4,"Male","Faculty of Health Sciences","health science","3rd year","Yes","Light PA"
5.939,17.601,104.473,19,4,3,4,2,4,4,2,2,3,1,3,3,2,4,4,1,2,4,"Female","Faculty of Science","Biomedical Science","2nd year","No","Vigorous PA"
10.655,64.074,89.94,18,2,3,3,1,4,2,2,4,3,3,2,1,5,5,4,1,2,4,"Female","Telfer School of Management","CRM and PSY","2nd year","Yes","Vigorous PA"
13.339,105.256,71.279,19,4,2,2,5,5,1,2,4,4,3,4,3,2,1,5,3,4,4,"Female","Faculty of Arts","Interdisciplinary Studies","1st year","No","Light PA"
3.024,116.992,120.79,18,5,2,4,3,4,2,5,3,4,2,3,5,3,2,4,2,5,3,"Female","Telfer School of Management","Software Engineering","2nd year","Yes","Vigorous PA"
11.922,127.433,303.849,20,4,2,3,2,4,3,4,2,3,3,1,2,4,1,3,2,2,3,"Female","Faculty of Health Sciences","Biomedical Science","5th year","Yes","Inactive"
41.92,88.303,47.11,50,2,4,4,3,3,2,4,2,1,2,3,3,4,3,3,5,1,2,"Male","Faculty of Science","Criminology","2nd year","No","Inactive"
18.208,65.754,80.968,22,2,3,3,2,3,2,4,3,2,3,2,1,2,3,3,3,3,5,"Female","Faculty of Science","Management","1st year","No","Light PA"
9.025,79.82,100.916,18,2,2,1,2,5,2,3,3,5,3,4,2,4,1,4,4,4,4,"Male","Faculty of Arts","Psychology","1st year","Yes","Vigorous PA"
18.767,13.649,493.285,28,3,4,3,4,5,4,4,3,2,1,2,1,2,2,5,4,1,5,"Female","Faculty of Science","Psychology and Linguistics","1st year","Yes","Light PA"
6.581,78.406,104.583,39,4,2,2,3,4,3,4,2,3,3,4,2,3,2,4,3,5,5,"Female","Faculty of Social Sciences","Nursing","1st year","Yes","Moderate PA"
0.819,60.4,74.845,40,3,1,4,4,2,1,4,2,3,4,4,2,4,3,3,4,3,4,"Male","Faculty of Social Sciences","finance","1st year","No","Inactive"
1.495,95.963,118.247,19,5,3,5,3,3,2,4,4,1,1,3,3,2,2,1,3,3,5,"Female","Telfer School of Management","Food and Nutrition Science","1st year","Yes","Moderate PA"
5.29,71.932,88.324,24,5,3,3,2,4,2,1,1,4,3,4,4,5,1,4,5,1,4,"Male","Telfer School of Management","interdisciplinary Studies","1st year","No","Light PA"
30.148,14.25,48.674,20,2,2,4,2,2,2,4,3,2,2,1,1,2,2,2,5,2,5,"Female","Faculty of Social Sciences","Science","1st year","No","Moderate PA"
8.386,74.768,68.951,21,3,2,4,3,3,1,3,2,3,4,5,1,3,3,2,2,1,4,"Female","Faculty of Health Sciences","service social","2nd year","Yes","Vigorous PA"
14.56,99.271,132.276,18,4,1,4,2,2,2,3,1,2,2,2,3,2,2,3,2,2,5,"Female","Faculty of Science","Biomedical Science","1st year","Yes","Light PA"
4.456,187.165,135.46,18,2,2,4,1,4,3,4,1,3,2,3,1,3,4,3,3,1,4,"Male","Faculty of Science","BSC psychology","1st year","Yes","Moderate PA"
28.262,132.302,149.831,21,4,3,4,1,5,4,3,3,4,2,2,3,4,4,3,4,2,4,"Female","Faculty of Health Sciences","Bcom management","1st year","Yes","Inactive"
36.756,134.089,82.679,18,4,2,3,4,3,4,3,1,4,2,1,2,1,2,1,5,2,4,"Male","Faculty of Science","Health Science","4th year","Yes","Inactive"
136.74,135.602,3008.147,24,2,4,5,1,3,4,3,2,4,1,3,3,5,2,4,4,3,4,"Male","Faculty of Social Sciences","Psychology","1st year","Yes","Moderate PA"
99.754,87.272,96.747,20,5,2,4,2,2,1,3,2,5,2,3,2,3,3,5,2,4,3,"Female","Faculty of Health Sciences","Biomedical science","1st year","Yes","Moderate PA"
30.304,270.249,75.001,34,4,1,5,3,2,1,3,4,5,3,3,1,4,1,4,4,4,2,"Female","Telfer School of Management","Biochemistry","2nd year","No","Light PA"
7.03,34.901,79.801,20,1,3,4,2,4,2,4,4,5,2,4,2,3,1,5,4,2,3,"Female","Faculty of Health Sciences","economics","1st year","No","Vigorous PA"
293.182,100.735,62.953,24,2,4,2,4,3,4,4,1,1,2,4,2,3,2,2,5,4,4,"Female","Faculty of Social Sciences","English","1st year","Yes","Light PA"
43.029,1899.38,52.218,32,2,3,4,1,4,2,2,1,1,2,4,2,3,1,3,3,4,2,"Male","Faculty of Science","Psychology","1st year","Yes","Light PA"
5.706,307.141,70.862,19,3,4,5,2,3,3,4,2,3,3,4,2,4,2,4,4,4,4,"Female","Faculty of Science","psychology","1st year","Yes","Moderate PA"
6.531,120.925,10.261,19,3,4,4,3,5,1,2,4,5,2,2,2,3,1,4,3,2,4,"Female","Faculty of Health Sciences","Major in Visual Arts","4th year","No","Light PA"
26.684,76.646,43.087,22,3,3,2,5,4,4,4,1,2,3,3,2,2,2,5,3,2,5,"Female","Faculty of Health Sciences","Nursing","2nd year","Yes","Light PA"
9.217,73.242,77.758,26,2,2,4,2,4,4,4,2,3,2,3,1,3,3,3,3,2,3,"Female","Faculty of Social Sciences","Health Sciences","1st year","Yes","Inactive"
11.329,142.8,112.511,20,2,5,3,3,5,4,4,3,4,1,2,3,5,3,2,3,3,5,"Male","Faculty of Science","Psychology","4th year","No","Light PA"
5.228,241.411,102.277,50,2,2,4,3,4,5,4,2,5,2,4,2,3,1,4,4,2,2,"Male","Telfer School of Management","English Literature","1st year","No","Light PA"
3.024,270.249,230.929,20,3,2,2,1,4,2,1,2,3,2,3,4,3,3,4,4,1,2,"Female","Faculty of Health Sciences","Economics and Political Science","1st year","Yes","Light PA"
10.061,58.792,116.93,20,4,3,4,4,3,4,3,3,2,2,5,4,3,4,5,3,5,4,"Female","Faculty of Science","Special Student","2nd year","No","Light PA"
19.563,89.009,95.832,19,4,2,4,2,5,1,4,4,2,3,3,2,3,5,2,5,2,4,"Female","Faculty of Health Sciences","Marketing","1st year","No","Moderate PA"
17.043,178.495,102.429,19,4,1,3,1,2,1,4,3,4,3,2,4,3,3,2,4,4,4,"Female","Faculty of Social Sciences","Biochemistry","2nd year","No","Inactive"
9.178,127.433,122.772,21,3,4,5,1,5,2,2,1,2,1,3,4,3,1,2,4,1,3,"Female","Faculty of Health Sciences","biomed","1st year","Yes","Light PA"
2138.886,172.972,141.52,19,2,4,5,2,2,1,4,2,3,2,4,3,2,2,4,3,3,3,"Male","Faculty of Science","Psychology","1st year","No","Moderate PA"
10.08,24.548,120.79,18,5,2,5,3,3,1,2,1,3,2,2,2,4,4,4,3,4,4,"Female","Faculty of Science","psychology","1st year","Yes","Vigorous PA"
6.596,103.505,88.324,25,1,4,2,4,4,4,4,2,2,4,4,2,3,2,3,3,3,1,"Male","Faculty of Egineering","Biomedical Science","1st year","Yes","Vigorous PA"
0.685,99.379,344.095,19,4,3,4,4,2,4,3,2,3,2,4,2,3,2,3,4,5,5,"Female","Faculty of Health Sciences","Health Science","1st year","No","Inactive"
60.054,16.75,109.611,28,4,2,4,4,5,2,4,4,4,4,1,4,2,3,5,2,2,3,"Female","Faculty of Health Sciences","Honours Health Sciences","3rd year","Yes","Light PA"
6.243,237.158,113.36,21,4,3,4,4,4,4,3,2,3,4,3,4,3,4,3,3,1,5,"Female","Faculty of Social Sciences","Nursing","2nd year","Yes","Moderate PA"
18.406,99.787,110.939,21,5,2,4,1,4,4,3,2,2,3,2,1,2,2,3,3,4,3,"Female","Faculty of Social Sciences","psychology","2nd year","Yes","Moderate PA"
3.895,134.089,78.968,23,5,2,3,1,4,4,3,3,2,1,3,2,3,3,4,4,1,4,"Male","Faculty of Health Sciences","Bachelor of Science in Nursing","2nd year","No","Moderate PA"
1.785,125.12,173.759,23,4,3,3,4,3,1,4,1,3,1,3,1,1,1,4,4,1,4,"Female","Faculty of Health Sciences","psych","1st year","Yes","Light PA"
4.426,166.891,291.901,18,2,2,2,2,4,4,5,1,4,5,4,4,4,2,2,4,1,3,"Female","Faculty of Arts","Biomedical science","3rd year","Yes","Vigorous PA"
17.471,1012.8,141.09,19,5,5,1,4,2,2,4,2,2,2,3,2,2,1,1,1,4,4,"Perfer not to disclose","Faculty of Social Sciences","management","1st year","Yes","Light PA"
18.801,19.316,43.8,59,2,4,4,5,3,2,5,2,5,1,3,3,3,3,4,2,3,3,"Female","Faculty of Social Sciences","Accounting","2nd year","No","Moderate PA"
11.724,270.173,78.985,19,4,2,3,1,4,1,3,1,2,2,1,1,5,2,5,4,4,2,"Male","Faculty of Health Sciences","Psychology","2nd year","No","Inactive"
7.658,121.872,96.744,25,3,2,4,3,5,2,2,2,4,2,3,5,5,2,3,1,3,2,"Female","Faculty of Social Sciences","Biomedical Science","2nd year","Yes","Moderate PA"
48.67,77.43,54.109,22,2,2,4,2,3,1,3,2,2,1,3,2,1,4,4,2,2,4,"Male","Faculty of Social Sciences","Biomedical Science","3rd year","No","Light PA"
24.626,156.755,68.275,36,2,2,3,5,4,2,5,3,3,2,2,2,4,3,3,5,1,4,"Female","Faculty of Social Sciences","Biomedical Science","3rd year","Yes","Vigorous PA"
2.615,237.158,84.173,26,2,1,5,3,5,3,4,2,3,1,1,2,1,2,4,5,2,4,"Male","Faculty of Social Sciences","Biomedical science","1st year","No","Moderate PA"
13.528,61.626,427.646,19,1,2,5,3,4,4,4,4,2,1,3,4,1,4,5,4,1,4,"Male","Faculty of Arts","psych","2nd year","No","Moderate PA"
8.277,158.31,106.848,26,4,2,5,3,4,4,3,1,2,1,2,4,3,3,3,5,2,2,"Female","Faculty of Social Sciences","Health Sci","1st year","Yes","Inactive"
13.035,72.252,44.798,18,5,2,3,5,5,2,4,4,3,2,1,1,4,1,3,1,1,4,"Female","Faculty of Health Sciences","Biochemistry","1st year","No","Light PA"
16.973,330.9,1264.756,26,1,2,4,3,3,1,3,2,5,1,2,2,1,2,4,5,3,4,"Perfer not to disclose","Faculty of Health Sciences","Health Sciences","1st year","No","Inactive"
10.061,29.041,174.152,34,5,4,3,3,4,4,3,4,3,2,1,2,3,2,5,3,3,3,"Female","Telfer School of Management","Psychology","2nd year","Yes","Vigorous PA"
6.531,109.17,62.349,27,2,4,5,4,1,3,2,2,4,1,5,1,2,2,3,4,2,4,"Male","Telfer School of Management","Biomedical Science","1st year","No","Light PA"
10.97,68.263,410.81,20,3,1,5,1,4,4,5,2,2,1,2,3,4,2,1,2,1,4,"Female","Faculty of Egineering","computer science","2nd year","No","Moderate PA"
33.446,77.817,71.015,34,4,4,2,1,5,1,4,4,3,2,3,2,4,1,3,3,4,4,"Male","Faculty of Science","social sciences","1st year","No","Inactive"
6.142,116.724,122.259,20,2,3,3,2,5,2,3,4,1,1,2,1,5,3,3,5,2,5,"Female","Faculty of Social Sciences","Honours BSc in Psychology","1st year","Yes","Moderate PA"
116.843,1828.851,91.182,23,4,2,3,2,1,2,5,2,1,4,3,3,3,1,3,2,1,4,"Female","Faculty of Science","Nursing","1st year","No","Moderate PA"
7.444,62.446,120.6,21,2,4,4,3,3,2,2,1,4,2,1,5,4,2,5,3,2,4,"Male","Faculty of Science","BioMed","1st year","Yes","Light PA"
12.237,102.458,146.936,18,5,3,4,1,3,4,3,4,4,1,1,1,3,4,3,3,2,4,"Female","Faculty of Health Sciences","Psychology","1st year","Yes","Moderate PA"
6.621,82.043,21.66,21,2,2,5,2,4,4,1,2,4,2,5,3,3,2,4,3,1,3,"Male","Faculty of Social Sciences","Biomedical Science","3rd year","No","Inactive"
15.849,176.895,58.79,20,4,2,4,3,4,4,2,3,3,1,3,2,4,1,4,4,4,5,"Female","Faculty of Arts","BA Psychology","1st year","Yes","Moderate PA"
1.149,102.554,308.237,21,4,2,5,2,4,1,3,2,3,3,1,1,4,3,3,3,1,4,"Perfer not to disclose","Telfer School of Management","nursing","1st year","No","Inactive"
28.271,1025.755,141.52,24,3,2,4,4,3,4,4,2,4,1,3,3,4,2,4,2,3,4,"Female","Faculty of Science","Commerce and finance","2nd year","Yes","Vigorous PA"
50.48,116.512,93.859,27,4,1,2,2,4,4,3,3,4,3,2,1,3,1,4,4,1,2,"Male","Faculty of Health Sciences","Physics","1st year","Yes","Light PA"
10.855,307.141,166.622,29,4,5,2,4,2,4,5,3,4,1,3,3,1,2,1,4,3,2,"Female","Faculty of Social Sciences","Bachelor of Science in Chemistry","2nd year","Yes","Moderate PA"
11.329,108.619,1029.553,24,3,3,5,2,4,4,3,1,3,4,2,2,4,2,3,4,1,3,"Male","Faculty of Arts","Biomedical science","2nd year","Yes","Light PA"
2.796,160.739,15.331,20,4,3,3,2,4,2,5,2,3,1,3,4,4,2,5,2,2,4,"Female","Faculty of Social Sciences","Psychology","2nd year","No","Inactive"
7.444,34.901,91.185,18,4,5,4,3,4,4,2,3,4,1,3,3,3,2,4,4,4,4,"Male","Telfer School of Management","biomedical science","1st year","Yes","Moderate PA"
18.248,172.972,91.185,24,5,4,2,4,4,2,4,2,4,3,4,4,1,2,4,2,3,3,"Female","Faculty of Social Sciences","Business and management","3rd year","Yes","Vigorous PA"
11.318,68.263,57.494,20,2,4,4,1,3,2,5,2,2,2,3,4,4,3,2,4,2,4,"Female","Faculty of Social Sciences","Health Sciences","1st year","Yes","Light PA"
3.983,77.295,55.624,23,2,4,4,1,3,4,3,3,4,4,4,3,3,2,4,4,2,2,"Male","Faculty of Health Sciences","Biomedical","1st year","Yes","Light PA"
13.528,3006.683,95.832,20,3,5,5,1,3,3,4,4,3,2,3,2,4,3,4,3,1,4,"Male","Telfer School of Management","Nursing","2nd year","No","Light PA"
10.029,91.231,59.05,19,3,5,4,1,5,1,3,2,2,3,1,3,4,1,3,2,3,2,"Female","Faculty of Science","Nursing","1st year","Yes","Moderate PA"
1.964,70.675,102.277,18,4,2,4,3,5,2,4,1,4,2,4,2,5,3,3,3,2,4,"Female","Faculty of Science","Psychology","2nd year","No","Moderate PA"
12.519,96.629,46.883,23,3,1,5,4,4,2,2,4,2,2,3,1,4,2,4,2,1,2,"Female","Faculty of Science","Psychology","2nd year","Yes","Moderate PA"
449.603,78.608,56.551,18,4,4,4,2,4,3,5,5,4,1,3,3,2,1,3,4,1,4,"Female","Faculty of Social Sciences","biopharmaceutical science","1st year","Yes","Moderate PA"
391.603,821.802,27.564,21,3,2,4,3,4,5,4,1,4,4,5,2,2,1,1,3,3,2,"Female","Telfer School of Management","Finance Commerce","1st year","Yes","Light PA"
193.416,144.953,10.9,32,4,4,2,2,5,4,3,4,4,2,3,4,4,1,4,3,1,4,"Female","Faculty of Social Sciences","Nursing","1st year","Yes","Inactive"
329.485,77.373,1829.411,22,4,2,3,1,3,3,5,3,2,2,1,4,3,2,3,2,2,3,"Female","Telfer School of Management","Health Sciences","3rd year","Yes","Moderate PA"
1.131,63.924,20.39,19,5,2,3,1,4,3,1,2,3,5,3,3,5,3,4,1,2,4,"Female","Telfer School of Management","Nursing","2nd year","No","Moderate PA"
4.72,116.512,75.069,19,3,2,2,1,4,3,3,4,4,3,1,4,4,2,3,3,2,4,"Female","Faculty of Health Sciences","Health Science","2nd year","Yes","Vigorous PA"
10.979,89.467,133.002,20,4,1,4,2,4,3,2,2,3,1,2,4,4,2,4,3,1,4,"Female","Faculty of Social Sciences","Linguistics","2nd year","Yes","Moderate PA"
0.838,23.306,57.883,21,4,4,4,2,3,2,3,1,3,3,4,2,4,3,1,4,4,3,"Female","Faculty of Health Sciences","accounting","1st year","Yes","Inactive"
36.412,10.104,189.289,21,4,2,4,2,1,4,5,5,2,3,3,3,5,3,4,3,1,3,"Female","Telfer School of Management","Biomedical Science","3rd year","No","Light PA"
1.299,221.991,167.851,26,3,3,1,2,5,1,5,2,4,1,5,3,3,1,4,3,3,5,"Female","Faculty of Health Sciences","Economics","1st year","Yes","Vigorous PA"
32.303,76.126,72.418,24,3,3,3,3,4,1,3,5,2,1,2,3,4,4,4,2,2,3,"Male","Faculty of Science","biomedical science","1st year","No","Vigorous PA"
43.029,65.243,94.992,34,5,1,2,3,4,4,5,2,4,1,2,2,3,3,4,2,4,4,"Male","Faculty of Social Sciences","Honours BSc Biomedical Science","1st year","Yes","Moderate PA"
9.003,96,135.46,18,4,4,4,5,5,4,2,2,2,2,3,2,2,2,5,3,3,1,"Female","Faculty of Social Sciences","biomedical science","2nd year","Yes","Light PA"
13.495,71.215,136.61,19,3,3,3,2,5,1,2,2,4,2,5,3,4,2,4,1,3,4,"Male","Faculty of Arts","Human Kinetics","1st year","No","Vigorous PA"
7.679,54.004,99.208,31,2,4,3,1,5,4,3,3,2,4,1,3,5,2,3,5,2,5,"Female","Faculty of Arts","Biomedical Science","2nd year","Yes","Vigorous PA"
1.131,92.346,62.877,19,4,3,4,4,4,2,3,1,4,2,2,2,5,3,4,3,1,4,"Female","Faculty of Science","Psychology and Linguistics (joint honors)","4th year","No","Inactive"
78.839,14.286,83.637,26,3,2,3,2,4,2,2,2,4,1,1,3,2,1,3,2,1,5,"Female","Faculty of Science","Health Sciences","1st year","Yes","Light PA"
5.253,60.614,84.541,19,4,2,2,3,4,3,3,4,5,1,4,3,2,4,2,3,4,4,"Male","Telfer School of Management","Computer Science","1st year","No","Inactive"
152.015,821.802,179.488,29,4,3,4,4,4,4,2,2,3,2,2,2,4,2,4,2,2,3,"Male","Faculty of Social Sciences","Biomed","1st year","Yes","Inactive"
18.845,103.505,160.547,19,3,2,3,4,4,3,2,4,2,4,1,3,5,2,4,1,3,4,"Female","Faculty of Arts","Psychology","3rd year","No","Light PA"
7.216,96,78.716,24,4,3,5,2,3,3,2,3,4,2,2,3,4,2,3,2,1,5,"Male","Faculty of Science","Accounting","1st year","Yes","Moderate PA"
16.097,9.108,483.032,18,1,2,3,4,3,3,4,1,2,2,3,1,3,2,5,4,4,5,"Female","Faculty of Social Sciences","psychology and in linguistics","1st year","Yes","Light PA"
14.152,262.075,85.993,22,1,2,5,2,5,1,4,1,3,4,3,2,2,2,4,3,2,4,"Male","Faculty of Social Sciences","Computer Science","1st year","No","Light PA"
6.592,24.548,82.078,19,2,2,4,2,3,2,5,3,3,1,2,3,3,4,4,1,2,3,"Female","Faculty of Arts","biochemistry","1st year","Yes","Vigorous PA"
1.495,1828.851,149.831,19,3,2,3,5,4,3,3,1,2,3,2,3,3,1,2,1,1,3,"Male","Faculty of Social Sciences","Honours in Health Science","1st year","No","Inactive"
1.845,71.501,144.417,18,5,1,4,4,4,2,5,4,3,1,4,1,2,1,5,3,2,4,"Female","Faculty of Health Sciences","Human Kinetics","1st year","No","Moderate PA"
12.032,67.181,68.756,18,4,2,4,1,5,5,4,2,4,2,2,1,2,3,3,4,2,4,"Male","Faculty of Social Sciences","adm","2nd year","Yes","Vigorous PA"
10.855,61.986,116.93,25,4,4,4,4,2,5,4,2,3,2,3,1,5,2,4,3,4,4,"Male","Telfer School of Management","FLS","1st year","Yes","Light PA"
4.816,86.288,285.993,20,5,4,5,2,3,2,5,2,5,1,4,1,4,4,4,5,1,3,"Male","Faculty of Social Sciences","Finance","2nd year","Yes","Inactive"
17.675,286.816,12.435,23,3,1,3,3,4,1,4,1,4,2,2,2,4,1,3,3,3,3,"Female","Faculty of Health Sciences","Biomedical Science","2nd year","Yes","Light PA"
75.103,82.048,1899.693,28,3,2,4,1,3,2,2,1,3,4,3,3,4,2,2,2,1,4,"Female","Faculty of Science","Bachelor of Commerce","2nd year","No","Inactive"
6.858,26.401,43.087,33,3,2,3,5,5,1,1,3,4,3,2,2,4,2,4,1,2,3,"Male","Faculty of Science","Health Sciences","1st year","Yes","Moderate PA"
7.863,15.525,103.307,21,3,3,2,3,4,3,4,4,2,3,3,3,3,2,4,3,2,4,"Male","Faculty of Health Sciences","Honours Health Sciences","2nd year","Yes","Vigorous PA"
71.733,139.924,84.173,21,3,2,5,4,5,3,2,3,3,4,5,1,3,2,1,3,2,4,"Female","Faculty of Arts","Biomedical Science","1st year","Yes","Vigorous PA"
4.85,252.33,159,34,5,3,3,2,3,4,2,4,2,1,5,3,2,3,4,5,3,4,"Male","Faculty of Social Sciences","Communication","3rd year","Yes","Moderate PA"
11.562,117.461,57.076,24,4,2,2,1,4,2,5,3,4,2,2,1,4,2,4,4,2,4,"Male","Telfer School of Management","CRM and PSY","1st year","Yes","Moderate PA"
6.133,120.925,110.552,20,3,4,3,2,1,4,2,3,3,3,3,2,4,3,4,4,4,4,"Female","Faculty of Science","psychology","5th year","Yes","Light PA"
10.03,100.518,110.552,20,3,1,2,3,5,2,4,2,5,3,3,2,3,2,3,4,2,4,"Female","Faculty of Science","Computer Science","1st year","Yes","Light PA"
7.655,67.181,89.165,20,4,4,4,2,4,4,4,2,4,2,3,4,2,5,3,4,1,4,"Female","Faculty of Social Sciences","psychology and linguistics","1st year","Yes","Inactive"
14.528,54.936,117.398,20,3,3,4,4,5,2,1,2,3,2,4,3,2,2,2,4,2,4,"Female","Telfer School of Management","Computer Science","3rd year","No","Moderate PA"
10.979,108.432,208.667,20,5,2,4,2,4,3,2,1,3,1,4,3,3,4,4,5,2,3,"Female","Faculty of Science","psychology","1st year","Yes","Light PA"
0.43,135.106,116.93,18,1,1,4,2,4,4,4,2,2,2,2,3,4,4,4,4,2,2,"Male","Faculty of Social Sciences","Marketing","2nd year","Yes","Vigorous PA"
0.807,176.895,102.696,27,5,2,4,1,4,2,5,3,3,1,1,4,4,5,5,3,4,4,"Female","Telfer School of Management","Health Sciences","1st year","Yes","Light PA"
6.683,186.547,1133.825,19,4,4,4,2,4,3,3,4,3,2,5,3,1,2,2,5,2,4,"Female","Telfer School of Management","Psychology","2nd year","No","Moderate PA"
1.781,59.321,81.662,33,4,1,3,2,4,3,1,2,5,1,4,3,4,2,4,4,2,3,"Male","Faculty of Health Sciences","Nursing","1st year","Yes","Inactive"
56.681,94.841,93.859,20,4,2,2,3,3,2,5,3,4,4,3,3,2,4,4,5,4,2,"Female","Faculty of Health Sciences","Finance+Marketing","2nd year","No","Moderate PA"
6.3,218.283,69.72,32,3,4,2,4,5,2,2,2,3,1,3,3,4,4,4,3,2,5,"Female","Telfer School of Management","accounting","2nd year","Yes","Light PA"
23.794,75.579,283.301,18,3,2,5,3,4,2,2,2,2,3,1,3,3,2,3,1,5,4,"Female","Faculty of Science","Health Sci","3rd year","Yes","Moderate PA"
2.796,150.221,74.845,18,2,4,3,3,5,3,3,3,4,2,2,4,2,2,4,3,3,4,"Female","Faculty of Social Sciences","finance","2nd year","Yes","Inactive"
9.772,367.68,67.575,25,5,2,4,1,5,3,3,1,4,1,3,2,3,2,2,2,1,2,"Male","Faculty of Arts","Finance","1st year","Yes","Moderate PA"
6.552,70.308,13.223,19,5,4,3,2,5,3,4,2,3,2,1,2,2,2,4,4,4,4,"Male","Faculty of Social Sciences","accounting","2nd year","No","Vigorous PA"
93.484,147.692,134.125,22,5,1,3,4,3,2,1,1,3,3,3,1,3,2,5,3,1,3,"Male","Faculty of Health Sciences","Interdisciplinary Studies","2nd year","Yes","Moderate PA"
4.591,75.579,134.125,21,4,1,4,2,3,4,3,4,2,1,3,2,4,4,5,3,2,2,"Female","Faculty of Science","Joint honours in mathematics and economics","3rd year","No","Light PA"
2.267,113.685,85.907,36,4,2,5,2,4,5,5,1,5,3,3,4,2,3,2,4,4,3,"Female","Faculty of Health Sciences","nursing","2nd year","No","Light PA"
6.597,47.893,249.997,20,3,2,5,4,4,4,4,4,2,2,3,2,3,2,2,2,4,4,"Male","Faculty of Arts","Psychology","2nd year","Yes","Light PA"
9.879,98.616,105.117,18,5,2,4,3,4,1,4,5,3,3,4,3,4,4,3,1,1,4,"Male","Faculty of Medicine","biomedical sciences","2nd year","Yes","Moderate PA"
11.259,208.766,59.05,18,5,3,5,4,3,3,3,2,2,4,2,3,3,2,2,2,2,4,"Female","Faculty of Social Sciences","Communications","2nd year","No","Light PA"
3.418,66.016,34.767,38,2,3,4,2,4,1,5,2,3,1,4,2,4,3,3,4,3,4,"Male","Faculty of Science","management","1st year","No","Light PA"
2.421,73.567,483.032,22,2,2,4,3,3,4,5,1,3,1,1,2,4,3,4,3,1,4,"Female","Telfer School of Management","Finance","1st year","No","Light PA"
13.948,27.895,131.776,19,5,2,2,2,3,3,4,3,4,2,4,3,3,4,3,4,2,2,"Male","Faculty of Health Sciences","psych","1st year","No","Moderate PA"
391.603,215.231,55.27,19,3,1,1,3,5,3,3,2,3,1,4,2,5,2,4,2,4,4,"Female","Faculty of Science","International Management","1st year","Yes","Vigorous PA"
30.12,99.186,14.168,24,5,3,2,2,1,2,3,2,3,3,4,2,2,2,5,5,2,4,"Female","Faculty of Social Sciences","Biomedical","2nd year","Yes","Moderate PA"
7.444,188.415,82.679,22,5,1,5,4,3,2,3,3,3,2,2,3,4,4,4,1,2,4,"Female","Faculty of Social Sciences","psychology","1st year","Yes","Moderate PA"
161.587,76.774,138.301,27,4,2,5,4,5,5,3,1,3,2,1,1,3,1,4,4,3,3,"Female","Faculty of Science","International Management","1st year","No","Moderate PA"
5.604,77.146,110,20,2,2,5,2,4,3,1,4,2,1,3,1,5,1,2,3,3,2,"Female","Faculty of Medicine","Health Sciences","1st year","No","Light PA"
4.706,70.633,114.697,18,3,1,4,3,2,2,3,4,4,1,2,2,4,2,4,2,4,4,"Female","Faculty of Science","Accounting","1st year","Yes","Light PA"
6.434,330.503,111.542,23,2,2,3,4,3,2,3,4,4,1,2,2,3,2,4,4,1,4,"Male","Faculty of Science","finance","1st year","No","Moderate PA"
21.963,58.461,1328.248,40,4,1,5,2,2,3,3,2,4,2,2,1,1,1,3,4,2,4,"Female","Faculty of Health Sciences","biopharmaceutical science","3rd year","No","Moderate PA"
21.379,70.675,104.583,23,3,4,3,1,5,1,4,2,3,3,4,4,3,4,5,3,4,3,"Female","Faculty of Egineering","Biomedical sciene","1st year","No","Light PA"
21.963,56.016,92.343,20,5,2,2,3,4,1,5,2,2,3,5,3,2,2,5,4,2,2,"Female","Faculty of Science","Psychology and Linguistics","1st year","No","Light PA"
4.346,129.017,110.939,18,4,4,4,2,2,3,4,4,5,2,2,1,3,5,4,3,4,2,"Female","Faculty of Science","Major in Visual Arts","1st year","No","Inactive"
77.627,162.386,95.169,21,4,2,2,3,3,1,4,2,3,3,1,3,2,3,4,1,3,5,"Female","Faculty of Health Sciences","Accounting","1st year","Yes","Light PA"
4.021,474.031,110,21,2,2,5,2,3,1,4,2,4,2,3,4,4,4,5,3,2,5,"Female","Faculty of Social Sciences","Criminologie","2nd year","No","Moderate PA"
8.481,495.654,89.165,24,5,2,4,2,4,2,5,3,3,3,3,4,2,4,3,4,2,5,"Perfer not to disclose","Telfer School of Management","psychology and linguistics","2nd year","Yes","Light PA"
22.195,125.12,92.38,19,2,1,4,1,4,2,2,1,3,2,2,2,2,2,3,3,3,4,"Female","Telfer School of Management","Nursing","Other","Yes","Moderate PA"
1.355,194.583,126.475,20,5,2,4,2,5,1,2,2,2,2,3,2,4,2,1,4,2,2,"Female","Faculty of Social Sciences","Commerce JD","4th year","Yes","Moderate PA"
32.303,174.827,107.467,27,4,2,2,4,4,4,3,2,3,2,2,1,3,3,3,5,2,5,"Female","Faculty of Health Sciences","B.A Honours in Psychology","1st year","No","Inactive"
7.16,143.545,166.622,36,5,3,2,2,3,4,5,3,2,1,2,4,2,2,4,4,2,5,"Male","Faculty of Social Sciences","Honours Bachelor of Science in Computer Science","1st year","No","Moderate PA"
193.416,109.17,116.615,19,4,3,4,3,5,2,2,2,4,3,3,1,3,2,5,5,4,3,"Male","Faculty of Science","Finance","1st year","Yes","Vigorous PA"
13.737,947.84,74.442,18,3,4,5,2,4,2,3,4,4,1,5,3,2,2,4,4,1,4,"Female","Telfer School of Management","Management","1st year","No","Light PA"
10.958,305.65,224.086,18,5,2,3,5,3,2,4,2,2,4,3,1,4,3,2,1,3,4,"Male","Telfer School of Management","Criminology","1st year","No","Light PA"
4.306,90.54,77.384,24,4,1,3,2,3,3,4,3,2,4,1,2,5,3,2,1,5,5,"Female","Faculty of Arts","Finance","2nd year","Yes","Moderate PA"
11.519,77.295,47.11,31,3,1,4,3,5,2,4,4,3,2,5,1,2,2,4,4,1,2,"Female","Faculty of Health Sciences","BSc Psychology","4th year","No","Light PA"
17.144,73.443,57.673,20,3,2,2,2,5,2,3,1,2,5,3,1,5,1,1,4,1,3,"Male","Faculty of Social Sciences","International Development & Globalization","1st year","No","Light PA"
24.518,10.748,260.696,23,1,4,5,4,4,2,4,3,1,3,3,1,3,5,4,3,1,3,"Female","Faculty of Science","Finance","1st year","No","Moderate PA"
10.029,9.108,25.883,22,4,1,4,2,5,3,3,2,3,3,5,2,3,5,3,4,4,3,"Female","Telfer School of Management","Biochemistry","1st year","No","Moderate PA"
7.273,65.181,91.693,43,3,2,1,1,2,1,2,2,3,2,3,1,4,5,4,3,3,3,"Male","Telfer School of Management","Finance","1st year","Yes","Inactive"
11.562,12.172,89.893,21,4,2,2,3,4,3,4,4,4,1,2,1,2,5,4,3,5,5,"Male","Faculty of Arts","Business Technology Management","3rd year","Yes","Light PA"
6.992,73.057,12.023,26,3,2,4,1,4,2,3,2,2,3,2,2,4,2,4,4,4,2,"Male","Faculty of Egineering","Psychology and Linguistics","2nd year","Yes","Moderate PA"
10.08,13.649,948.376,20,3,4,3,2,2,3,1,3,2,4,3,3,3,1,2,3,1,4,"Female","Faculty of Science","finance","1st year","Yes","Light PA"
4.966,1899.38,118.247,19,3,2,5,4,4,2,3,2,3,3,2,4,4,1,2,2,2,4,"Female","Faculty of Social Sciences","biomed","4th year","Yes","Light PA"
8.569,103.505,109.748,18,4,2,4,2,2,1,3,2,2,3,2,4,5,2,1,2,2,2,"Female","Faculty of Science","Second Language Teaching","1st year","No","Vigorous PA"
0.862,81.114,102.92,23,5,2,4,2,4,2,4,1,4,1,4,3,3,1,2,2,4,1,"Female","Faculty of Egineering","Nursing","2nd year","Yes","Inactive"
4.465,221.991,78.501,34,2,4,2,3,5,2,2,2,4,2,4,1,3,2,4,2,1,5,"Female","Faculty of Arts","Health Sciences","3rd year","Yes","Inactive"
0.405,99.186,756.866,24,5,1,2,3,4,2,5,2,4,3,2,3,4,1,3,5,2,3,"Female","Faculty of Health Sciences","adm","1st year","Yes","Vigorous PA"
24.622,166.715,157.722,24,2,4,1,1,3,2,2,1,3,2,2,1,2,1,4,4,2,3,"Male","Faculty of Social Sciences","Commerce JD","1st year","No","Moderate PA"
3.701,474.031,59.939,22,5,3,4,2,2,1,3,3,3,3,2,3,3,2,2,1,3,5,"Female","Faculty of Arts","Honours Bachelor of Science in Nursing (BScN)","1st year","No","Inactive"
2.557,106.574,18.922,18,2,2,4,1,2,4,3,2,4,1,3,4,3,4,4,1,2,2,"Female","Faculty of Science","International Development & Globalization","1st year","No","Vigorous PA"
6.597,77.295,12.086,29,3,2,4,2,4,2,4,1,4,1,4,4,3,1,5,3,2,2,"Female","Telfer School of Management","BA psychology","5th year","No","Light PA"
18.406,62.184,79.483,21,1,2,3,3,3,3,3,4,5,1,1,5,2,2,5,3,2,4,"Female","Telfer School of Management","Business Technology Management","3rd year","Yes","Light PA"
11.124,85.155,483.032,25,4,4,3,3,2,4,4,1,4,5,4,2,5,4,2,3,5,4,"Male","Faculty of Health Sciences","management","2nd year","Yes","Moderate PA"
16.069,60.833,72.906,19,5,5,4,2,5,1,4,2,3,1,2,3,2,2,4,4,1,4,"Male","Faculty of Health Sciences","Bachelor of Science in Nursing","1st year","No","Inactive"
11.575,65.181,117.65,32,4,2,1,1,5,4,1,2,4,2,4,4,3,3,3,4,4,4,"Male","Telfer School of Management","Nursing","1st year","Yes","Inactive"
9.336,82.423,63.469,18,4,4,5,3,4,2,3,2,5,2,2,2,2,3,3,3,2,4,"Male","Faculty of Social Sciences","Health Science","2nd year","Yes","Moderate PA"
75.103,108.432,9.365,28,3,1,1,2,4,2,1,1,3,4,3,3,3,4,4,2,2,4,"Female","Telfer School of Management","human resources","1st year","No","Vigorous PA"
82.806,38.772,95.351,24,4,2,4,2,2,2,3,3,2,2,4,3,5,4,4,1,1,4,"Male","Faculty of Egineering","Biomed","1st year","No","Vigorous PA"
14.093,71.501,10.312,19,5,4,3,2,4,1,3,2,2,2,4,1,2,4,3,2,5,5,"Male","Faculty of Health Sciences","Psychology","1st year","No","Moderate PA"
82.806,289.659,349.143,67,4,4,4,2,4,3,3,4,3,1,3,1,2,1,3,3,1,3,"Female","Faculty of Science","Human Resource Management","2nd year","Yes","Inactive"
18.606,109.724,93.859,19,4,2,4,3,5,3,3,1,3,1,3,1,4,2,2,4,2,4,"Male","Faculty of Health Sciences","health science","1st year","Yes","Vigorous PA"
42.381,109.606,948.376,18,3,3,5,2,4,1,4,3,2,1,3,2,3,1,5,2,4,4,"Female","Telfer School of Management","Marketing","1st year","Yes","Light PA"
0.43,83.771,83.637,36,2,1,4,4,3,4,4,3,1,2,3,1,2,1,4,4,2,2,"Female","Telfer School of Management","nursing","2nd year","Yes","Vigorous PA"
1.131,146.007,82.301,23,3,4,1,2,3,1,5,2,4,2,3,2,4,5,3,3,1,4,"Female","Faculty of Health Sciences","Bachelor of Science in Biomedical Sciences","2nd year","Yes","Vigorous PA"
5.29,648.117,58.964,19,4,3,4,3,2,3,3,3,4,2,3,4,3,2,1,3,3,5,"Female","Faculty of Science","Biomedical Sciences","3rd year","No","Moderate PA"
2.796,171.738,147.554,19,2,1,4,5,5,3,2,3,3,2,2,4,4,2,3,4,2,3,"Male","Telfer School of Management","Computer Science","1st year","Yes","Moderate PA"
6.538,134.163,99.741,25,3,4,5,2,3,3,3,2,3,2,4,4,2,1,3,3,4,4,"Female","Faculty of Science","health science","2nd year","No","Inactive"
10.061,136.167,119.538,19,3,3,2,2,3,2,4,3,4,1,1,4,2,1,2,5,2,2,"Male","Faculty of Health Sciences","Accounting","1st year","No","Light PA"
9.646,45.122,13.223,20,1,1,4,1,5,4,4,3,2,1,2,3,4,5,4,4,2,4,"Female","Faculty of Arts","Bcomm with an option in finance","1st year","Yes","Light PA"
12.696,357.113,384.074,20,3,2,2,2,5,2,2,1,3,2,4,4,2,2,4,4,4,4,"Female","Faculty of Science","Finance+Marketing","2nd year","Yes","Light PA"
7.113,87.447,68.518,20,3,4,2,2,4,1,5,3,3,3,3,3,4,2,4,2,4,4,"Male","Telfer School of Management","Communications","1st year","Yes","Vigorous PA"
16.396,343.236,39.45,24,2,4,1,2,4,3,1,2,3,4,3,1,3,4,4,3,4,4,"Female","Faculty of Health Sciences","Psychology","1st year","No","Moderate PA"
12.586,61.711,74.071,19,5,2,4,2,1,4,3,3,3,3,2,3,2,3,4,4,1,4,"Female","Faculty of Social Sciences","bachelor or commerce in Human resource management","2nd year","No","Light PA"
456.889,522.025,256.539,27,1,4,3,3,4,2,4,2,5,3,3,2,3,3,4,4,1,5,"Female","Faculty of Science","Biomedical Sciences","1st year","No","Inactive"
41.92,215.231,88.432,21,4,1,3,3,4,2,4,2,3,1,3,1,2,4,4,4,3,4,"Male","Faculty of Social Sciences","Psychology BSc.","1st year","Yes","Light PA"
7.545,100.936,93.332,27,2,4,4,3,1,5,2,2,3,3,2,4,1,3,4,3,3,5,"Male","Faculty of Arts","finance","1st year","Yes","Vigorous PA"
17.7,62.184,1013.663,26,4,1,4,4,5,2,5,4,2,2,3,1,2,2,5,3,3,1,"Female","Telfer School of Management","Psych","1st year","No","Light PA"
4.909,105.256,59.606,26,4,1,4,4,5,2,4,2,2,1,3,4,3,4,4,1,3,4,"Female","Faculty of Health Sciences","Psychology","1st year","Yes","Moderate PA"
14.39,71.932,82.301,19,2,1,2,2,3,2,2,2,3,1,2,3,5,2,5,3,4,4,"Female","Faculty of Social Sciences","Bachelors in health sciences in French immersion","2nd year","No","Vigorous PA"
6.451,96.677,470.899,19,1,1,1,3,1,2,5,3,3,2,2,3,5,3,3,4,2,4,"Male","Faculty of Health Sciences","Biomedical Science","1st year","Yes","Inactive"
4.2,62.372,170.833,19,2,3,3,2,5,3,2,4,3,1,2,2,3,2,4,3,3,4,"Female","Faculty of Health Sciences","Psychology","2nd year","Yes","Inactive"
4.431,105.804,25.883,20,4,4,5,4,3,4,3,2,2,2,3,2,3,4,3,5,2,3,"Male","Faculty of Social Sciences","Biomedical Science","3rd year","Yes","Light PA"
0.894,128.382,37.295,20,5,4,1,1,3,2,3,4,3,1,1,1,1,1,5,3,2,5,"Male","Faculty of Health Sciences","Bachelor of Commerce specialization in Finance","1st year","Yes","Inactive"
4.306,492.1,122.246,34,3,3,2,2,4,4,3,2,2,2,3,2,2,2,2,5,1,4,"Female","Telfer School of Management","Health science","2nd year","Yes","Light PA"
10.08,121.925,120.6,18,1,1,3,2,4,3,3,1,2,2,3,2,5,4,5,2,3,4,"Female","Telfer School of Management","Psychology","1st year","Yes","Inactive"
0.812,87.078,30.571,19,4,3,2,4,4,2,1,1,4,2,5,1,3,4,5,4,1,2,"Female","Faculty of Science","Psychology","2nd year","Yes","Inactive"
13.193,130.085,68.834,23,3,2,5,2,4,4,4,2,4,3,3,2,3,2,4,3,3,4,"Female","Faculty of Social Sciences","Health Sciences","5th year","No","Light PA"
7.444,270.173,108.211,22,3,2,4,2,4,5,3,4,3,1,3,4,2,3,4,2,1,2,"Male","Faculty of Science","Biochemistry","2nd year","Yes","Vigorous PA"
12.69,56.372,175.489,18,4,1,4,4,2,4,4,1,3,1,3,1,2,1,3,3,4,4,"Female","Telfer School of Management","Commerce Finance","1st year","Yes","Light PA"
5.693,156.489,99.522,18,4,3,4,4,2,1,3,2,2,1,3,1,4,1,5,4,1,2,"Male","Telfer School of Management","nursing","1st year","No","Inactive"
0.332,111.338,109.748,24,4,3,5,1,3,3,3,2,3,2,2,2,4,3,3,2,2,4,"Female","Faculty of Social Sciences","Biomedical science","5th year","No","Vigorous PA"
0.76,106.826,85.128,61,4,3,3,3,1,3,5,1,4,1,2,2,1,2,4,4,2,4,"Male","Faculty of Social Sciences","Criminology","3rd year","Yes","Light PA"
24.808,249.434,75.001,36,4,2,3,2,3,1,3,2,4,2,4,3,4,2,3,5,3,4,"Female","Faculty of Social Sciences","Civil Engineering","1st year","Yes","Light PA"
2.292,98.616,53.379,24,3,4,4,2,4,1,1,1,2,2,3,1,4,3,3,4,4,4,"Female","Telfer School of Management","Biomedical Science","1st year","Yes","Moderate PA"
15.728,255.579,20.368,22,5,3,3,4,4,1,4,2,4,3,4,2,3,3,4,1,3,2,"Female","Telfer School of Management","Human Kinetics","2nd year","No","Moderate PA"
8.362,714.582,88.089,21,5,3,4,4,3,2,5,1,2,2,3,3,5,2,4,5,2,5,"Female","Telfer School of Management","Bachelor of Nursing","1st year","Yes","Light PA"
17.269,37.405,117.041,25,2,2,2,2,4,2,4,5,5,2,2,1,3,3,2,3,2,3,"Female","Faculty of Egineering","Nursing","1st year","No","Light PA"
5.629,97.252,100.048,23,5,3,3,3,3,3,2,1,3,3,2,2,2,2,4,4,2,2,"Female","Faculty of Egineering","Nursing","1st year","Yes","Light PA"
47.074,87.595,210.574,37,2,4,2,1,4,4,5,2,3,1,5,3,4,1,2,4,1,5,"Female","Faculty of Science","Computer Science","1st year","Yes","Moderate PA"
6.963,74.768,87.525,22,2,2,4,1,4,3,4,4,2,3,3,4,3,2,4,2,3,4,"Female","Faculty of Social Sciences","psychology","1st year","Yes","Light PA"
10.958,168.273,116.765,18,4,1,3,2,5,4,3,1,4,2,2,4,2,2,4,3,3,3,"Female","Telfer School of Management","Psychology","Other","Yes","Inactive"
7.046,125.895,245.929,24,2,1,5,2,3,3,4,1,4,4,2,4,4,1,4,4,1,4,"Female","Faculty of Social Sciences","Psychology","3rd year","Yes","Light PA"
9.042,38.667,89.165,23,4,3,2,2,4,4,2,2,3,1,2,3,4,1,3,3,2,2,"Female","Faculty of Science","Computer Engineering","1st year","Yes","Light PA"
39.301,130.879,84.362,24,2,4,4,2,2,2,4,2,4,2,2,4,3,3,4,3,2,4,"Female","Faculty of Health Sciences","Finance","1st year","Yes","Moderate PA"
22.508,100.518,253.465,19,3,2,3,1,3,2,3,1,3,1,3,1,3,3,2,4,2,4,"Male","Faculty of Health Sciences","nursing","1st year","No","Light PA"
4.72,205.374,157.722,18,3,4,2,3,4,2,4,2,4,1,2,3,3,3,4,4,2,4,"Female","Faculty of Social Sciences","finance","3rd year","Yes","Inactive"
0.551,16.75,59.05,42,5,2,4,3,5,1,4,2,5,4,2,4,4,1,3,2,2,4,"Female","Faculty of Health Sciences","health science","2nd year","Yes","Vigorous PA"
5.299,215.231,95.351,18,2,3,4,2,2,1,3,4,3,3,3,2,3,2,3,4,3,5,"Male","Telfer School of Management","biomedical sciences","1st year","Yes","Moderate PA"
14.672,53.856,344.095,18,2,2,4,4,3,4,3,2,5,2,3,1,5,2,4,4,4,3,"Female","Faculty of Science","Biochemistry","1st year","Yes","Inactive"
9.642,252.33,271.481,19,5,1,4,1,5,3,3,1,2,3,3,1,2,2,3,4,1,5,"Male","Telfer School of Management","Nursing","1st year","Yes","Moderate PA"
28.262,96.629,101.827,21,3,2,2,1,5,2,4,4,3,4,4,2,2,2,5,3,2,4,"Male","Faculty of Science","Biomedical","2nd year","Yes","Moderate PA"
7.863,77.373,448.878,20,4,1,3,4,2,4,5,3,4,2,4,4,4,1,3,5,2,4,"Perfer not to disclose","Telfer School of Management","Psychology","1st year","No","Moderate PA"
0.43,89.009,271.481,27,2,3,3,4,4,3,4,5,4,1,2,2,2,4,1,3,2,1,"Male","Faculty of Social Sciences","nursing","4th year","Yes","Light PA"
0.894,72.367,280.324,18,1,1,4,2,4,4,3,2,4,4,3,1,2,2,5,4,2,4,"Female","Faculty of Health Sciences","Biomedical Science","4th year","No","Moderate PA"
43.029,116.992,148.11,19,4,4,5,4,4,3,3,1,2,2,2,4,1,1,3,4,1,1,"Female","Telfer School of Management","Psychology","1st year","Yes","Light PA"
17.144,119.719,102.097,30,4,2,5,3,3,2,1,3,2,1,3,4,4,2,5,1,2,4,"Male","Faculty of Health Sciences","Honours Health Sciences","1st year","Yes","Vigorous PA"
2138.886,99.186,18.099,23,4,4,3,4,3,1,3,2,3,2,3,2,3,1,2,4,3,2,"Male","Faculty of Science","biomed sciences","1st year","No","Moderate PA"
2138.886,122.225,822.565,18,3,2,4,3,4,2,4,2,2,1,3,4,3,3,3,1,2,4,"Female","Faculty of Social Sciences","Bachelor of Science in Nursing","3rd year","No","Light PA"
117.07,14.676,94.241,18,3,2,5,2,4,5,4,3,2,3,1,4,4,1,1,4,3,5,"Female","Faculty of Science","Bachelor of Commerce","2nd year","No","Moderate PA"
21.708,594.23,31.451,20,4,2,2,1,2,2,3,1,5,1,2,2,3,2,2,3,1,2,"Female","Telfer School of Management","Bsc Psychology","1st year","Yes","Moderate PA"
18.208,103.225,85.128,20,4,1,4,2,3,2,4,4,3,1,3,2,3,3,4,2,1,4,"Male","Faculty of Health Sciences","Commerce","4th year","No","Inactive"
12.198,84.928,57.604,21,3,3,4,2,5,3,3,2,3,4,3,1,4,3,2,1,2,4,"Male","Faculty of Science","Nursing","2nd year","No","Vigorous PA"
43.668,30.59,84.989,39,2,5,3,2,1,2,3,3,4,1,3,3,3,2,4,4,2,4,"Female","Faculty of Health Sciences","Psychology","1st year","No","Light PA"
7.03,77.195,115.304,23,1,2,5,3,2,2,4,2,3,1,2,3,2,4,2,2,2,4,"Female","Faculty of Egineering","psychology/linguistics","1st year","Yes","Inactive"
117.07,11.5,37.893,27,5,2,3,2,4,2,4,1,2,1,3,4,4,2,5,4,4,5,"Female","Faculty of Science","Kinesiology","5th year","No","Vigorous PA"
8.343,86.953,427.646,25,2,1,4,4,4,3,2,2,4,2,2,1,2,3,3,3,1,3,"Female","Faculty of Science","International Development & Globalization","1st year","Yes","Moderate PA"
78.083,205.093,72.418,51,3,2,4,3,2,1,4,2,3,4,2,4,3,1,2,3,1,3,"Female","Telfer School of Management","Economics","1st year","No","Light PA"
17.342,102.554,99.171,18,4,4,4,4,3,3,4,2,3,3,1,3,5,3,4,4,2,3,"Male","Faculty of Health Sciences","Biomedical sciences","4th year","Yes","Light PA"
7.759,137.27,105.117,38,4,5,4,2,5,2,3,1,2,3,1,1,2,2,4,1,4,5,"Male","Faculty of Social Sciences","Political Science","1st year","Yes","Inactive"
13.942,117.551,79.101,25,3,2,3,1,4,3,2,3,4,1,2,1,3,3,5,2,2,4,"Male","Faculty of Social Sciences","Bachelor of Nursing","1st year","No","Inactive"
15.42,125.19,114.52,19,1,2,1,4,4,2,5,2,3,1,2,1,5,3,5,3,2,5,"Female","Faculty of Social Sciences","nursing","3rd year","No","Light PA"
0.669,24.548,188.641,18,4,2,5,2,4,2,3,5,2,1,3,3,1,4,3,4,5,4,"Female","Telfer School of Management","CRM and PSY","3rd year","No","Inactive"
18.845,228.394,358.119,22,2,3,5,2,3,2,3,1,4,3,1,3,3,2,4,5,2,4,"Female","Telfer School of Management","finance","1st year","Yes","Moderate PA"
13.864,49.417,70.629,24,4,2,2,4,5,4,2,3,5,4,1,5,4,4,4,4,1,2,"Female","Faculty of Social Sciences","Criminology","1st year","Yes","Inactive"
3.669,88.083,116.765,22,4,2,3,2,2,3,4,1,3,1,4,4,3,3,3,2,4,5,"Male","Faculty of Arts","Business Technology Management","1st year","No","Vigorous PA"
30.772,82.803,21.66,45,4,4,2,2,4,3,4,3,4,3,3,4,1,2,5,1,4,2,"Female","Telfer School of Management","Biomedical Sciences","1st year","No","Moderate PA"
7.649,79.906,54.109,23,2,2,5,1,4,4,5,2,4,2,3,2,4,1,4,4,2,3,"Male","Faculty of Science","Joint honours psychology and linguistics","1st year","Yes","Light PA"
4.512,104.32,62.953,29,4,1,5,4,2,2,4,2,4,2,3,4,4,2,4,3,2,5,"Female","Faculty of Health Sciences","Health Sciences","1st year","No","Inactive"
8.577,47.893,144.755,25,3,2,4,1,5,4,2,1,3,2,2,2,4,3,2,3,2,3,"Female","Faculty of Social Sciences","Psychology","2nd year","Yes","Light PA"
222.984,92.236,68.768,20,4,2,3,2,4,2,2,4,3,2,2,3,2,2,3,4,3,4,"Female","Telfer School of Management","Linguistics","1st year","Yes","Vigorous PA"
3.742,357.113,60.102,25,4,2,2,1,4,2,2,2,3,2,2,2,4,1,4,3,4,2,"Female","Faculty of Arts","Honours Bsc psychology","1st year","No","Vigorous PA"
39.013,14.286,95.351,20,4,2,4,3,4,2,2,1,3,1,3,2,2,1,4,4,2,3,"Female","Faculty of Science","Computer Science","1st year","Yes","Inactive"
2.448,110.33,39.45,21,5,2,4,4,1,1,5,2,4,3,2,2,2,2,3,4,4,4,"Male","Telfer School of Management","Health science","3rd year","Yes","Light PA"
48.798,70.331,249.997,18,2,4,4,2,4,1,5,1,4,1,3,1,4,4,3,4,4,4,"Female","Faculty of Science","sociology and communications","1st year","No","Moderate PA"
6.109,1340.336,116.93,20,3,1,4,2,3,3,4,3,4,1,5,2,2,4,3,4,4,5,"Male","Telfer School of Management","Health Science","2nd year","No","Moderate PA"
78.839,57.969,161.148,20,2,2,4,4,2,2,4,3,2,2,3,5,3,2,4,1,3,4,"Male","Faculty of Social Sciences","BSC in Psychology (french immersion stream)","4th year","Yes","Light PA"
19.086,61.626,71.872,18,3,3,3,2,4,3,3,3,4,3,3,2,4,2,4,4,2,5,"Female","Telfer School of Management","English Literature","1st year","Yes","Light PA"
0.808,15.942,99.846,38,3,2,5,3,5,2,2,1,4,2,3,4,3,2,5,5,4,5,"Male","Faculty of Social Sciences","Health Sciences","2nd year","Yes","Light PA"
10.114,821.802,234.542,22,5,4,4,3,5,2,5,2,3,1,4,2,3,1,5,2,4,5,"Female","Faculty of Science","Psychology","2nd year","Yes","Light PA"
11.519,87.931,24.734,20,2,1,3,4,5,1,4,3,2,2,3,1,5,2,5,2,3,4,"Female","Faculty of Social Sciences","Biomed","2nd year","No","Inactive"
3.902,173.194,100.043,20,3,2,4,4,5,2,2,2,2,2,1,2,4,2,2,1,4,1,"Female","Faculty of Health Sciences","Health Sciences","1st year","Yes","Vigorous PA"
17.144,135.602,85.128,18,4,2,4,2,2,2,4,4,4,2,4,3,2,4,2,3,1,2,"Female","Faculty of Social Sciences","psychology and linguistics","1st year","No","Moderate PA"
337.857,76.106,72.492,24,3,1,2,4,3,2,3,2,4,2,4,4,2,2,4,4,2,2,"Male","Faculty of Social Sciences","communications","1st year","No","Moderate PA"
6.152,76.106,138.656,20,3,3,4,2,4,3,3,2,3,3,1,3,5,4,3,4,5,4,"Female","Faculty of Arts","Bachelor of Science in Nursing","2nd year","Yes","Inactive"
7.273,99.379,284.679,19,4,2,2,2,5,2,4,4,4,3,1,1,4,2,4,3,3,5,"Male","Faculty of Health Sciences","dietetics","2nd year","No","Moderate PA"
1.149,21.006,68.951,33,2,1,4,1,5,4,4,3,5,2,3,2,3,2,5,5,1,3,"Female","Telfer School of Management","Health Sciences","1st year","Yes","Inactive"
7.863,85.8,112.005,21,2,4,3,2,4,4,4,2,2,2,3,3,4,3,4,4,2,3,"Female","Faculty of Social Sciences","BCom (Finance)","2nd year","Yes","Light PA"
1.149,82.355,77.758,20,4,2,5,4,4,1,4,2,4,3,2,4,2,3,3,2,1,2,"Female","Faculty of Arts","Finance","3rd year","Yes","Light PA"
16.727,105.166,116.777,19,3,1,2,3,4,1,4,1,5,2,2,2,4,2,3,4,4,4,"Female","Faculty of Social Sciences","Commerce","1st year","No","Inactive"
12.237,113.685,102.321,27,2,4,4,4,4,2,3,4,2,1,1,2,4,1,3,5,2,3,"Female","Telfer School of Management","Accounting","1st year","No","Vigorous PA"
25.863,119.352,144.755,31,4,3,3,1,3,1,1,1,4,3,1,4,3,4,3,3,2,3,"Male","Telfer School of Management","Nursing","2nd year","Yes","Light PA"
55.782,42.501,245.929,18,5,3,3,1,5,3,5,4,3,2,2,3,5,4,4,4,1,4,"Female","Telfer School of Management","Bachelor of Human Kinetics","2nd year","Yes","Vigorous PA"
11.713,652.683,77.875,18,4,5,4,4,3,3,2,3,4,3,3,1,4,2,4,1,4,4,"Female","Faculty of Health Sciences","Health Sciences","1st year","No","Vigorous PA"
342.236,49.361,279.658,22,4,2,2,2,5,2,4,3,2,3,4,4,4,3,3,4,4,3,"Female","Faculty of Egineering","Human Kinetics","1st year","Yes","Vigorous PA"
12.125,237.158,119.538,18,4,2,2,1,4,4,5,2,3,4,4,3,4,1,4,4,1,4,"Female","Telfer School of Management","English","5th year","Yes","Inactive"
5.629,47.357,224.086,18,2,1,2,2,2,1,3,3,5,3,2,1,5,2,4,4,3,4,"Female","Faculty of Science","Nursing","3rd year","No","Moderate PA"
9.375,66.016,95.371,32,1,1,4,5,3,3,5,3,4,1,4,1,3,2,3,4,4,5,"Female","Telfer School of Management","Marketing","1st year","Yes","Moderate PA"
21.708,90.328,75.014,22,3,4,5,2,4,2,4,3,1,4,4,2,1,2,2,2,2,1,"Male","Telfer School of Management","Second Language Teaching","1st year","Yes","Inactive"
5.382,21.566,294.823,18,4,4,4,2,4,4,5,2,1,2,2,3,3,2,3,4,4,4,"Male","Faculty of Social Sciences","Biomedical Science","1st year","No","Moderate PA"
6.581,89.009,72.749,24,3,2,4,4,2,4,4,2,4,1,2,2,3,4,4,3,2,4,"Female","Telfer School of Management","Psychology bsc.","1st year","Yes","Moderate PA"
14.672,93.152,56.345,20,3,1,5,2,4,3,4,1,3,1,3,4,4,1,5,3,4,4,"Female","Faculty of Social Sciences","jd/bcom","2nd year","No","Light PA"
7.916,249.434,77.059,67,4,2,4,4,4,2,3,2,1,1,3,1,5,4,4,3,1,1,"Female","Faculty of Health Sciences","Psychology","2nd year","Yes","Moderate PA"
11.318,82.043,294.823,22,2,2,5,2,4,2,3,4,4,2,2,1,2,1,4,3,1,4,"Male","Telfer School of Management","Commerce and finance","1st year","Yes","Light PA"
193.416,67.431,100.125,25,3,2,2,5,2,1,4,2,4,2,3,2,3,2,5,2,2,3,"Male","Faculty of Science","Psychology","2nd year","No","Moderate PA"
7.892,94.212,15.331,18,2,4,2,4,5,3,2,3,4,2,2,2,2,3,3,1,2,3,"Female","Faculty of Arts","international development and economic","1st year","No","Moderate PA"
22.508,65.496,76.072,22,5,4,2,1,4,2,5,4,3,2,3,3,4,2,3,2,1,4,"Male","Faculty of Health Sciences","Biomedical Sciences","1st year","Yes","Moderate PA"
10.655,90.145,64.884,19,1,1,2,1,4,4,2,5,3,4,4,1,3,1,3,3,5,4,"Female","Faculty of Health Sciences","Linguistics","1st year","No","Moderate PA"
10.756,10.079,56.345,31,4,2,4,2,3,4,2,2,3,1,3,4,3,2,5,4,3,4,"Male","Telfer School of Management","health science","1st year","Yes","Inactive"
4.426,89.572,70.862,23,3,4,4,2,4,2,5,3,4,1,1,3,3,4,2,3,2,2,"Female","Faculty of Health Sciences","Software Engineering","1st year","Yes","Moderate PA"
12.73,112.865,115.035,25,2,2,4,2,4,1,5,3,2,3,4,2,4,2,4,2,1,5,"Female","Faculty of Science","Finance","1st year","Yes","Moderate PA"
2.48,90.54,162.813,51,2,2,2,1,4,3,3,2,3,1,3,3,2,4,3,4,1,4,"Female","Faculty of Social Sciences","BScN","4th year","No","Light PA"
393.496,186.547,71.788,27,2,3,4,1,3,3,5,3,2,2,3,1,4,2,4,2,2,2,"Female","Faculty of Arts","Honours Health Science","2nd year","Yes","Moderate PA"
37.978,108.702,95.138,21,4,4,3,2,3,2,2,2,4,2,4,3,2,3,2,1,3,2,"Male","Faculty of Health Sciences","Psychology","1st year","No","Inactive"
17.835,64.074,12.736,25,2,5,2,3,4,2,3,1,3,4,3,5,3,1,4,4,1,5,"Female","Faculty of Social Sciences","Bachelor of Arts in Psychology","2nd year","No","Moderate PA"
5.706,92.784,66.401,28,4,1,3,1,4,2,2,2,3,2,3,3,2,2,3,1,1,4,"Female","Faculty of Social Sciences","Biomedical Science","1st year","No","Inactive"
13.241,94.841,100.125,20,4,4,5,2,1,2,4,1,4,1,3,1,4,1,5,3,3,3,"Male","Faculty of Science","human resources","1st year","Yes","Light PA"
11.724,947.84,186.428,20,2,5,3,2,4,3,5,4,2,2,1,2,3,1,5,2,4,3,"Male","Faculty of Social Sciences","Psychology","3rd year","Yes","Light PA"
9.025,86.25,104.583,21,4,4,4,1,1,2,4,4,3,1,4,2,4,4,4,4,2,4,"Female","Faculty of Health Sciences","Psychology","1st year","No","Vigorous PA"
5.228,64.439,76.097,20,1,2,4,5,2,1,3,1,2,3,2,3,5,3,4,3,1,4,"Female","Faculty of Health Sciences","Mechanical Engineering","2nd year","No","Inactive"
24.518,164.445,25.137,34,5,4,4,3,2,2,4,1,3,1,3,3,4,2,5,5,1,5,"Female","Telfer School of Management","sociology and communications","1st year","Yes","Moderate PA"
5.593,150.221,78.716,24,5,4,4,3,4,5,4,1,3,1,3,3,5,2,4,3,2,2,"Female","Telfer School of Management","Psychology and linguistic","1st year","No","Light PA"
5.629,74.008,70.629,21,4,1,5,2,3,4,2,3,2,4,4,3,4,2,3,4,2,3,"Female","Faculty of Health Sciences","Bachelor of Science Psychology","1st year","Yes","Vigorous PA"
11.424,138.379,260.446,18,4,2,4,2,5,3,5,4,3,2,5,2,2,2,5,2,4,5,"Female","Faculty of Arts","Biomedical Science","1st year","Yes","Inactive"
7.055,77.855,95.351,24,1,2,4,4,1,2,4,4,3,3,4,1,3,2,4,4,4,2,"Male","Telfer School of Management","Commerce JD","5th year","Yes","Inactive"
138.001,113.775,85.261,24,5,2,3,3,4,1,3,4,3,3,3,1,4,2,4,4,1,4,"Male","Faculty of Arts","Commerce","1st year","Yes","Inactive"
9.666,156.793,103.886,20,4,4,3,1,4,2,5,1,4,1,2,1,3,4,3,3,3,4,"Male","Telfer School of Management","Economics","1st year","No","Inactive"
19.086,404.145,66.401,19,4,3,4,1,3,2,2,4,5,3,3,2,5,2,5,4,4,4,"Female","Faculty of Science","Psychology and Linguistics (joint honors)","2nd year","Yes","Light PA"
12.744,133.047,384.074,24,2,5,5,2,5,1,4,1,4,1,3,3,4,4,5,3,2,3,"Female","Telfer School of Management","biomed","1st year","Yes","Moderate PA"
319.936,120.925,128.69,20,4,5,1,4,5,2,2,4,2,4,3,5,2,2,2,5,4,4,"Perfer not to disclose","Faculty of Social Sciences","Biomedical science","4th year","Yes","Moderate PA"
1.584,316.633,88.324,19,3,2,3,2,5,2,5,2,4,3,2,2,3,1,5,4,4,4,"Female","Faculty of Science","economics","1st year","Yes","Light PA"
5.29,186.547,93.859,19,5,5,5,1,1,2,3,4,4,2,3,4,4,2,2,2,4,5,"Female","Faculty of Health Sciences","Psychology","1st year","Yes","Inactive"
22.552,126.471,502.909,21,3,5,2,5,4,3,5,3,3,3,3,4,4,2,4,3,2,3,"Female","Faculty of Health Sciences","psychology","1st year","Yes","Vigorous PA"
3.96,101.273,370.501,18,2,4,3,1,4,2,5,1,2,2,5,2,3,1,4,4,2,4,"Female","Telfer School of Management","Business Technology Management","2nd year","Yes","Moderate PA"
7.237,70.505,57.883,18,3,1,5,2,4,3,4,4,4,3,3,4,2,3,1,2,2,4,"Male","Telfer School of Management","Psychology","1st year","Yes","Moderate PA"
7.16,62.47,132.432,20,3,4,4,4,4,3,2,4,3,2,4,3,2,2,4,5,2,3,"Female","Faculty of Science","finance","4th year","No","Inactive"
9.117,91.231,85.087,21,3,1,3,4,4,2,5,1,1,2,3,4,4,1,3,4,2,4,"Female","Faculty of Science","Health Sciences","1st year","No","Inactive"
12.248,130.879,64.884,21,3,2,4,2,3,1,5,2,2,3,2,1,3,3,4,4,3,4,"Female","Faculty of Social Sciences","Biochemistry","2nd year","Yes","Vigorous PA"
11.424,64.464,89.91,21,4,3,3,2,3,2,4,3,3,1,3,2,1,3,4,2,2,3,"Female","Faculty of Arts","Joint honours psychology and linguistics","2nd year","Yes","Light PA"
0.83,86.25,221.62,32,3,2,2,2,4,5,2,1,3,3,4,3,4,1,4,4,4,4,"Male","Faculty of Egineering","biomed sciences","1st year","No","Light PA"
28.716,107.802,13.96,22,4,2,3,4,5,2,3,4,2,1,4,2,2,2,4,5,1,4,"Female","Faculty of Science","Biomedical Sciences","2nd year","No","Inactive"
22.541,130.085,144.417,19,4,2,4,1,5,3,3,2,2,2,1,2,3,1,3,2,2,5,"Female","Faculty of Social Sciences","Linguistics","1st year","Yes","Inactive"
12.205,79.414,212.833,20,4,3,5,1,3,2,2,2,4,3,4,2,4,2,5,4,1,2,"Female","Telfer School of Management","Computer Science","1st year","No","Moderate PA"
96.621,159.672,256.539,45,4,4,3,3,4,2,2,2,3,2,4,3,1,4,4,3,1,4,"Female","Faculty of Science","Science of physical activity","Other","Yes","Light PA"
14.203,78.497,37.295,19,4,1,4,2,4,4,3,1,2,2,2,1,4,3,3,5,3,5,"Female","Faculty of Arts","public administration and political science","1st year","No","Light PA"
7.658,78.402,66.576,26,3,5,5,1,5,1,3,2,1,1,2,2,3,1,3,3,3,4,"Female","Faculty of Social Sciences","Biomedical science","2nd year","Yes","Moderate PA"
0.83,89.1,96.744,18,5,4,2,3,2,3,5,5,4,1,4,4,4,4,2,5,4,4,"Male","Telfer School of Management","Finance","1st year","No","Moderate PA"
56.681,9.195,266.145,20,4,4,5,4,2,3,1,2,3,2,4,1,1,4,5,4,1,2,"Female","Telfer School of Management","Commerce-Management","1st year","Yes","Moderate PA"
0.819,136.167,95.351,51,4,3,3,4,4,4,5,2,5,1,5,2,2,4,3,2,3,3,"Male","Faculty of Health Sciences","Psychology","2nd year","Yes","Light PA"
36.412,178.495,68.951,19,1,4,5,3,4,4,4,2,4,1,2,4,2,1,4,3,3,3,"Female","Faculty of Health Sciences","Health Sciences","1st year","No","Light PA"
5.973,96.677,104.473,20,3,3,5,2,4,1,5,1,3,3,1,4,2,1,1,3,2,1,"Female","Faculty of Social Sciences","marketing","1st year","Yes","Light PA"
15.728,259.508,67.828,38,5,2,3,3,4,3,3,1,2,2,4,1,3,2,4,4,1,4,"Female","Faculty of Health Sciences","Finance","1st year","Yes","Vigorous PA"
342.236,187.811,166.544,22,4,2,4,3,4,4,5,4,2,4,3,1,5,1,3,2,2,4,"Female","Telfer School of Management","Psychology","2nd year","Yes","Inactive"
56.95,174.084,100.043,18,3,3,4,2,4,2,2,2,1,1,3,5,4,4,3,5,4,1,"Female","Faculty of Health Sciences","Business and management","3rd year","Yes","Inactive"
23.647,119.941,69.803,19,4,2,5,1,4,3,3,5,2,2,2,3,2,2,5,4,1,4,"Male","Faculty of Science","Health Sciences","1st year","No","Moderate PA"
8.78,65.181,34.767,19,5,1,5,3,3,2,5,4,3,2,3,2,3,2,3,3,1,3,"Male","Faculty of Science","Marketing","1st year","Yes","Light PA"
7.851,262.075,176.801,19,2,2,3,2,3,2,1,4,4,4,3,1,3,2,4,4,2,4,"Female","Faculty of Arts","DLS","2nd year","No","Vigorous PA"
23.874,343.826,91.182,19,2,3,2,4,5,4,2,3,4,2,2,2,2,2,4,3,1,5,"Female","Faculty of Health Sciences","psych","1st year","No","Light PA"
9.003,79.357,79.801,23,4,3,2,1,5,2,5,4,3,2,2,3,3,2,4,3,4,3,"Male","Faculty of Health Sciences","management","1st year","Yes","Inactive"
18.248,100.669,99.846,24,4,2,2,2,2,2,2,3,2,2,4,3,2,3,4,4,2,4,"Female","Faculty of Social Sciences","HK","1st year","No","Light PA"
620.854,63.598,127.242,19,3,2,2,4,4,2,3,2,2,2,2,1,2,2,3,4,2,2,"Female","Telfer School of Management","Computer Science","2nd year","No","Light PA"
10.398,481.628,1264.756,19,4,2,4,2,4,2,3,4,2,2,3,4,1,2,5,3,2,5,"Female","Telfer School of Management","Food and Nutrition","1st year","Yes","Light PA"
12.205,125.493,82.078,38,2,2,4,1,4,4,4,3,2,4,3,4,3,4,4,4,2,4,"Female","Faculty of Science","Finance","1st year","No","Moderate PA"
55.003,101.635,106.112,26,4,3,4,5,4,3,3,1,5,2,1,4,4,2,4,2,2,2,"Female","Telfer School of Management","Health Sciences","1st year","Yes","Moderate PA"
71.733,142.8,77.723,23,3,4,4,3,3,2,3,2,3,4,2,1,1,4,3,4,4,2,"Male","Faculty of Health Sciences","Bachelor of Human Kinetics","1st year","No","Vigorous PA"
10.029,144.845,654.089,23,4,4,4,2,5,4,4,1,3,1,3,1,5,4,4,2,3,4,"Male","Faculty of Social Sciences","Health science","1st year","Yes","Light PA"
18.801,109.724,68.834,20,3,5,3,1,1,2,5,4,3,2,5,1,4,2,2,4,1,2,"Female","Faculty of Egineering","Biomedical science","1st year","Yes","Vigorous PA"
14.329,14.286,239.249,20,4,4,5,2,5,2,4,3,3,2,4,1,4,2,4,4,1,4,"Female","Faculty of Science","Psychology Bsc","1st year","No","Inactive"
6.538,133.047,57.673,34,5,4,3,1,3,4,1,2,2,2,2,2,4,2,5,3,3,2,"Female","Faculty of Science","Food and Nutrition","1st year","No","Moderate PA"
57.36,68.517,113.36,27,4,2,3,2,5,1,4,3,3,2,5,4,4,4,4,1,2,4,"Female","Faculty of Social Sciences","Finance","1st year","Yes","Light PA"
8.191,42.766,121.758,19,3,2,4,4,4,1,4,3,3,1,2,2,3,2,4,4,1,3,"Female","Faculty of Social Sciences","Biomedical Science","2nd year","Yes","Light PA"
6.754,125.553,99.208,27,3,2,2,4,4,3,2,1,3,1,2,1,2,3,3,4,2,1,"Female","Faculty of Health Sciences","Honours Bsc psychology","1st year","No","Vigorous PA"
4.391,67.403,100.125,21,2,3,4,2,5,3,4,2,3,1,3,1,2,1,4,5,3,4,"Female","Telfer School of Management","health science","1st year","Yes","Light PA"
5.377,75.579,97.763,51,4,2,4,2,4,2,4,3,2,3,2,4,4,3,3,4,2,3,"Male","Faculty of Science","Health Sciences","1st year","No","Inactive"
391.603,115.532,41.093,19,2,1,2,3,5,4,4,2,2,2,3,1,4,2,3,4,3,2,"Male","Faculty of Science","finance","2nd year","Yes","Light PA"
8.93,123.893,77.758,25,3,4,5,3,3,2,5,2,2,3,5,4,4,1,4,2,2,4,"Female","Faculty of Science","Management","2nd year","No","Light PA"
7.963,90.54,53.379,27,5,3,3,2,4,1,3,2,3,1,2,1,4,1,4,2,1,4,"Female","Faculty of Social Sciences","Nursing","1st year","Yes","Vigorous PA"
6.683,68.517,55.356,21,3,2,2,2,5,2,2,1,2,1,3,1,4,3,2,3,3,3,"Female","Telfer School of Management","Management","1st year","Yes","Inactive"
7.046,92.346,90.341,20,4,2,3,4,3,4,1,4,4,3,3,1,3,2,3,4,5,2,"Male","Faculty of Health Sciences","Biomedical Science","3rd year","Yes","Light PA"
2.557,1011.205,117.398,21,4,2,4,2,2,1,5,1,3,1,1,1,3,1,1,3,1,3,"Female","Faculty of Science","biomedical sciences","1st year","No","Inactive"
19.942,8.546,260.696,18,4,2,2,2,4,1,4,2,1,2,2,4,3,4,3,1,2,3,"Female","Faculty of Health Sciences","Biomedical science","2nd year","No","Light PA"
1.047,15.942,88.759,22,2,3,3,4,4,1,5,2,4,2,4,1,3,3,4,5,2,5,"Female","Faculty of Arts","psychology/linguistics","1st year","No","Light PA"
50.48,105.724,82.679,25,2,3,4,1,4,1,2,2,5,1,1,1,3,4,5,2,1,4,"Female","Faculty of Science","Biomedical Science","1st year","No","Inactive"
5.604,755.239,15.702,19,2,2,4,3,5,1,2,4,4,4,4,3,2,2,4,2,1,4,"Male","Faculty of Science","Health Sciences","1st year","Yes","Light PA"
8.295,78.924,74.071,18,4,2,4,1,5,1,4,4,4,1,3,4,1,1,4,1,1,4,"Female","Telfer School of Management","Bsc psychology","1st year","Yes","Moderate PA"
10.973,19.547,92.343,20,4,2,4,2,4,2,4,2,2,3,4,2,5,1,5,5,5,4,"Female","Faculty of Arts","Biomedical","1st year","Yes","Light PA"
18.971,76.319,66.546,21,5,3,3,3,5,3,3,4,4,1,4,3,5,2,3,5,1,2,"Male","Faculty of Social Sciences","Management","1st year","Yes","Light PA"
17.668,138.205,112.001,22,3,3,2,2,5,2,1,5,4,2,2,1,3,1,4,4,4,4,"Male","Telfer School of Management","psychology and linguistics","2nd year","Yes","Vigorous PA"
3.651,33.373,141.09,18,2,3,3,1,4,2,3,4,2,1,1,2,4,1,5,5,1,5,"Male","Faculty of Health Sciences","nursing","1st year","Yes","Moderate PA"
5.253,111.927,968.724,33,1,5,4,4,4,4,4,1,3,1,3,4,4,1,5,1,4,5,"Male","Faculty of Social Sciences","Nursing","2nd year","No","Moderate PA"
0.795,270.249,34.767,21,4,3,5,3,4,4,4,2,2,2,4,4,3,1,3,2,4,4,"Female","Faculty of Health Sciences","Human Kinetics","3rd year","No","Moderate PA"
9.981,137.222,188.641,20,2,2,4,2,5,3,2,3,4,1,2,1,4,1,4,4,4,3,"Male","Telfer School of Management","BASc Computer Engineering, Engineering Management and Entrepreneurship Option","2nd year","No","Vigorous PA"
4.035,60.52,85.907,23,3,1,3,2,3,1,5,1,2,1,3,2,1,3,4,4,2,3,"Female","Telfer School of Management","Biomedical science","1st year","No","Light PA"
4.279,53.07,71.015,18,3,4,4,1,3,5,5,4,3,3,3,3,3,1,5,3,2,4,"Female","Faculty of Social Sciences","Business Technology Management","1st year","Yes","Inactive"
10.08,74.008,65.501,22,1,1,4,1,3,2,3,1,4,1,2,3,4,1,4,2,1,3,"Female","Faculty of Science","Psych","1st year","Yes","Inactive"
20.268,103.225,113.36,20,3,2,4,5,2,2,4,3,2,1,3,1,4,2,3,3,3,3,"Female","Telfer School of Management","Psychology and Linguistics","1st year","No","Moderate PA"
78.839,14.286,71.872,20,4,2,3,2,1,1,4,2,2,4,1,1,2,4,3,4,3,4,"Female","Faculty of Science","Computer Science","1st year","No","Inactive"
8.76,15.525,84.038,22,4,2,5,1,4,2,3,2,4,3,3,1,2,4,3,3,2,5,"Male","Faculty of Science","Health science","2nd year","Yes","Moderate PA"
12.032,13.176,110.552,22,4,2,5,4,2,3,4,3,1,1,3,1,4,2,2,2,3,4,"Female","Faculty of Science","BA Psychology","2nd year","Yes","Light PA"
17.144,137.664,23.203,19,4,3,3,4,3,1,2,4,2,4,5,2,3,2,5,3,4,4,"Female","Faculty of Health Sciences","psychology","1st year","No","Inactive"
23.874,59.523,165.781,19,2,4,4,3,5,4,2,1,4,3,2,4,3,1,5,4,1,5,"Female","Faculty of Health Sciences","Psychology BSc.","1st year","No","Light PA"
3.669,94.636,84.541,39,5,1,4,4,2,3,2,3,2,4,3,4,4,1,5,3,2,5,"Male","Faculty of Health Sciences","Biochemistry","1st year","Yes","Moderate PA"
4.306,111.111,194.163,21,3,4,3,2,2,1,3,3,4,4,2,2,1,3,2,3,3,5,"Female","Telfer School of Management","Marketing","2nd year","No","Moderate PA"
