"STUDY","METHOD","CI_OVERLAP"
"Study_1_Chen","boot",0.923409696107004
"Study_1_Chen","boot",0.925258817037142
"Study_1_Chen","boot",0.696680860173606
"Study_1_Chen","boot",0.641220001261253
"Study_1_Chen","boot",0.879148700630038
"Study_1_Chen","boot",0.869770317681438
"Study_1_Chen","boot",0.95264049318887
"Study_1_Chen","boot",0.856078282361843
"Study_1_Chen","boot",0.934574269678495
"Study_1_Chen","boot",0.867440847875947
"Study_1_Chen","boot",0.975337341710636
"Study_1_Chen","boot",0.918639325438271
"Study_1_Chen","boot",0.705260637048109
"Study_1_Chen","boot",0.847498875337631
"Study_1_Chen","boot",0.875496629339645
"Study_1_Chen","boot",0.909261349031797
"Study_1_Chen","boot",0.791612469356942
"Study_1_Chen","boot",0.740699972388614
"Study_1_Chen","boot",0.793618661955283
"Study_1_Chen","boot",0.901214838914701
"Study_1_Chen","boot",0.890287115513468
"Study_1_Chen","boot",0.972054357676551
"Study_1_Chen","boot",0.92032768016669
"Study_1_Chen","independent",0.898204579544819
"Study_1_Chen","independent",0.810076474750884
"Study_1_Chen","independent",0.330964484097176
"Study_1_Chen","independent",0.519957433015774
"Study_1_Chen","independent",0.766033908539437
"Study_1_Chen","independent",0.93719765063601
"Study_1_Chen","independent",0.855564359768741
"Study_1_Chen","independent",0.405087018520569
"Study_1_Chen","independent",0.983260925829017
"Study_1_Chen","independent",0.952583705994551
"Study_1_Chen","independent",0.891664910279075
"Study_1_Chen","independent",0.917889595885597
"Study_1_Chen","independent",0.579354345458689
"Study_1_Chen","independent",0.619325769469777
"Study_1_Chen","independent",0.5571989891098
"Study_1_Chen","independent",0.769464866248493
"Study_1_Chen","independent",0.91679175558041
"Study_1_Chen","independent",0.77731425311323
"Study_1_Chen","independent",0.942028020729952
"Study_1_Chen","independent",0.413301897754777
"Study_1_Chen","independent",0.960335655662884
"Study_1_Chen","independent",0.083372689173829
"Study_1_Chen","independent",0.591174221047991
"Study_1_Chen","parametric",0.621889764579474
"Study_1_Chen","parametric",0.698275945907579
"Study_1_Chen","parametric",0.866278169984865
"Study_1_Chen","parametric",0.913635486408649
"Study_1_Chen","parametric",0.919412400536745
"Study_1_Chen","parametric",0.80183232525281
"Study_1_Chen","parametric",0.758159793528085
"Study_1_Chen","parametric",0.792311841911563
"Study_1_Chen","parametric",0.803687002486199
"Study_1_Chen","parametric",0.635708665052393
"Study_1_Chen","parametric",0.809912117023538
"Study_1_Chen","parametric",0.930543085492182
"Study_1_Chen","parametric",0.653187194018578
"Study_1_Chen","parametric",0.722417472200665
"Study_1_Chen","parametric",0.959997569592253
"Study_1_Chen","parametric",0.873242139305193
"Study_1_Chen","parametric",0.592712899292258
"Study_1_Chen","parametric",0.534344514588204
"Study_1_Chen","parametric",0.772740540283786
"Study_1_Chen","parametric",0.831761664551784
"Study_1_Chen","parametric",0.82980682705634
"Study_1_Chen","parametric",0.923651405969968
"Study_1_Chen","parametric",0.837203214868374
"Study_1_Chen","cart",0.46464499019083
"Study_1_Chen","cart",0.641280846220729
"Study_1_Chen","cart",0.746289894824038
"Study_1_Chen","cart",0.586470221757237
"Study_1_Chen","cart",0.778170507882424
"Study_1_Chen","cart",0.932601584835262
"Study_1_Chen","cart",0.568953080871611
"Study_1_Chen","cart",0.759287965927975
"Study_1_Chen","cart",0.951669299393868
"Study_1_Chen","cart",0.807607570411327
"Study_1_Chen","cart",0.798274463956352
"Study_1_Chen","cart",0.916287770370785
"Study_1_Chen","cart",0.777206492144968
"Study_1_Chen","cart",0.423241725395593
"Study_1_Chen","cart",0.97525020001666
"Study_1_Chen","cart",0.804139297487786
"Study_1_Chen","cart",0.900232315796993
"Study_1_Chen","cart",0.914664239035418
"Study_1_Chen","cart",0.835935514213819
"Study_1_Chen","cart",0.900610823959969
"Study_1_Chen","cart",0.752192164064358
"Study_1_Chen","cart",0.928319805029822
"Study_1_Chen","cart",0.822830855389814
"Study_2_Emanuel_1","boot",0.963840491005833
"Study_2_Emanuel_1","boot",0.94812732823441
"Study_2_Emanuel_1","boot",0.975517383205694
"Study_2_Emanuel_1","boot",0.820751311832147
"Study_2_Emanuel_1","boot",NA
"Study_2_Emanuel_1","boot",NA
"Study_2_Emanuel_1","boot",NA
"Study_2_Emanuel_1","boot",NA
"Study_2_Emanuel_1","boot",NA
"Study_2_Emanuel_1","boot",NA
"Study_2_Emanuel_1","boot",NA
"Study_2_Emanuel_1","boot",0.887063068124803
"Study_2_Emanuel_1","boot",0.930002094259625
"Study_2_Emanuel_1","boot",0.526903993531828
"Study_2_Emanuel_1","boot",0.885883907930353
"Study_2_Emanuel_1","boot",0.672016219725681
"Study_2_Emanuel_1","boot",0.408622487236153
"Study_2_Emanuel_1","boot",NA
"Study_2_Emanuel_1","boot",NA
"Study_2_Emanuel_1","boot",NA
"Study_2_Emanuel_1","boot",NA
"Study_2_Emanuel_1","boot",NA
"Study_2_Emanuel_1","boot",NA
"Study_2_Emanuel_1","boot",NA
"Study_2_Emanuel_1","boot",NA
"Study_2_Emanuel_1","boot",NA
"Study_2_Emanuel_1","boot",NA
"Study_2_Emanuel_1","boot",NA
"Study_2_Emanuel_1","independent",0.659525006248465
"Study_2_Emanuel_1","independent",-0.402472180430258
"Study_2_Emanuel_1","independent",0.674966903426292
"Study_2_Emanuel_1","independent",0.455683256414259
"Study_2_Emanuel_1","independent",NA
"Study_2_Emanuel_1","independent",NA
"Study_2_Emanuel_1","independent",NA
"Study_2_Emanuel_1","independent",NA
"Study_2_Emanuel_1","independent",NA
"Study_2_Emanuel_1","independent",NA
"Study_2_Emanuel_1","independent",NA
"Study_2_Emanuel_1","independent",0.727190636456987
"Study_2_Emanuel_1","independent",-0.426555581996722
"Study_2_Emanuel_1","independent",0.106643673763757
"Study_2_Emanuel_1","independent",0.642083062474952
"Study_2_Emanuel_1","independent",0.443456690059807
"Study_2_Emanuel_1","independent",0.038306427463121
"Study_2_Emanuel_1","independent",NA
"Study_2_Emanuel_1","independent",NA
"Study_2_Emanuel_1","independent",NA
"Study_2_Emanuel_1","independent",NA
"Study_2_Emanuel_1","independent",NA
"Study_2_Emanuel_1","independent",NA
"Study_2_Emanuel_1","independent",NA
"Study_2_Emanuel_1","independent",NA
"Study_2_Emanuel_1","independent",NA
"Study_2_Emanuel_1","independent",NA
"Study_2_Emanuel_1","independent",NA
"Study_2_Emanuel_1","parametric",0.733327090021323
"Study_2_Emanuel_1","parametric",0.0771121221895293
"Study_2_Emanuel_1","parametric",0.712721735818977
"Study_2_Emanuel_1","parametric",0.369365634987078
"Study_2_Emanuel_1","parametric",NA
"Study_2_Emanuel_1","parametric",NA
"Study_2_Emanuel_1","parametric",NA
"Study_2_Emanuel_1","parametric",NA
"Study_2_Emanuel_1","parametric",NA
"Study_2_Emanuel_1","parametric",NA
"Study_2_Emanuel_1","parametric",NA
"Study_2_Emanuel_1","parametric",0.775556031413198
"Study_2_Emanuel_1","parametric",0.0547882653588812
"Study_2_Emanuel_1","parametric",0.120841919828613
"Study_2_Emanuel_1","parametric",0.776904331687498
"Study_2_Emanuel_1","parametric",0.361181831623922
"Study_2_Emanuel_1","parametric",0.720470420758548
"Study_2_Emanuel_1","parametric",NA
"Study_2_Emanuel_1","parametric",NA
"Study_2_Emanuel_1","parametric",NA
"Study_2_Emanuel_1","parametric",NA
"Study_2_Emanuel_1","parametric",NA
"Study_2_Emanuel_1","parametric",NA
"Study_2_Emanuel_1","parametric",NA
"Study_2_Emanuel_1","parametric",NA
"Study_2_Emanuel_1","parametric",NA
"Study_2_Emanuel_1","parametric",NA
"Study_2_Emanuel_1","parametric",NA
"Study_2_Emanuel_1","cart",0.939777675188482
"Study_2_Emanuel_1","cart",0.345259472634788
"Study_2_Emanuel_1","cart",0.779851353155245
"Study_2_Emanuel_1","cart",0.746008353421945
"Study_2_Emanuel_1","cart",NA
"Study_2_Emanuel_1","cart",NA
"Study_2_Emanuel_1","cart",NA
"Study_2_Emanuel_1","cart",NA
"Study_2_Emanuel_1","cart",NA
"Study_2_Emanuel_1","cart",NA
"Study_2_Emanuel_1","cart",NA
"Study_2_Emanuel_1","cart",0.824477758716751
"Study_2_Emanuel_1","cart",0.400602345375759
"Study_2_Emanuel_1","cart",0.475743650745693
"Study_2_Emanuel_1","cart",0.807953008590067
"Study_2_Emanuel_1","cart",0.67447073691264
"Study_2_Emanuel_1","cart",0.59973143622905
"Study_2_Emanuel_1","cart",NA
"Study_2_Emanuel_1","cart",NA
"Study_2_Emanuel_1","cart",NA
"Study_2_Emanuel_1","cart",NA
"Study_2_Emanuel_1","cart",NA
"Study_2_Emanuel_1","cart",NA
"Study_2_Emanuel_1","cart",NA
"Study_2_Emanuel_1","cart",NA
"Study_2_Emanuel_1","cart",NA
"Study_2_Emanuel_1","cart",NA
"Study_2_Emanuel_1","cart",NA
"Study_3_Emanuel_2","boot",0.921347793878234
"Study_3_Emanuel_2","boot",0.885333013864705
"Study_3_Emanuel_2","boot",0.923130861611439
"Study_3_Emanuel_2","boot",0.782936322067954
"Study_3_Emanuel_2","boot",NA
"Study_3_Emanuel_2","boot",NA
"Study_3_Emanuel_2","boot",NA
"Study_3_Emanuel_2","boot",NA
"Study_3_Emanuel_2","boot",NA
"Study_3_Emanuel_2","boot",NA
"Study_3_Emanuel_2","boot",NA
"Study_3_Emanuel_2","boot",0.956412610554461
"Study_3_Emanuel_2","boot",0.905919551430964
"Study_3_Emanuel_2","boot",0.882164685122587
"Study_3_Emanuel_2","boot",0.988583395219518
"Study_3_Emanuel_2","boot",0.747604814867789
"Study_3_Emanuel_2","boot",0.663800286763497
"Study_3_Emanuel_2","boot",NA
"Study_3_Emanuel_2","boot",NA
"Study_3_Emanuel_2","boot",NA
"Study_3_Emanuel_2","boot",NA
"Study_3_Emanuel_2","boot",NA
"Study_3_Emanuel_2","boot",NA
"Study_3_Emanuel_2","boot",NA
"Study_3_Emanuel_2","boot",NA
"Study_3_Emanuel_2","boot",NA
"Study_3_Emanuel_2","boot",NA
"Study_3_Emanuel_2","boot",NA
"Study_3_Emanuel_2","independent",0.634611575385788
"Study_3_Emanuel_2","independent",0.0768290468991735
"Study_3_Emanuel_2","independent",0.679539059108272
"Study_3_Emanuel_2","independent",0.68760328190142
"Study_3_Emanuel_2","independent",NA
"Study_3_Emanuel_2","independent",NA
"Study_3_Emanuel_2","independent",NA
"Study_3_Emanuel_2","independent",NA
"Study_3_Emanuel_2","independent",NA
"Study_3_Emanuel_2","independent",NA
"Study_3_Emanuel_2","independent",NA
"Study_3_Emanuel_2","independent",0.677380299513818
"Study_3_Emanuel_2","independent",0.0719959392933955
"Study_3_Emanuel_2","independent",0.218003212877402
"Study_3_Emanuel_2","independent",0.756453527828026
"Study_3_Emanuel_2","independent",0.689804661622078
"Study_3_Emanuel_2","independent",0.725680735216117
"Study_3_Emanuel_2","independent",NA
"Study_3_Emanuel_2","independent",NA
"Study_3_Emanuel_2","independent",NA
"Study_3_Emanuel_2","independent",NA
"Study_3_Emanuel_2","independent",NA
"Study_3_Emanuel_2","independent",NA
"Study_3_Emanuel_2","independent",NA
"Study_3_Emanuel_2","independent",NA
"Study_3_Emanuel_2","independent",NA
"Study_3_Emanuel_2","independent",NA
"Study_3_Emanuel_2","independent",NA
"Study_3_Emanuel_2","parametric",0.474780219944209
"Study_3_Emanuel_2","parametric",-2.50027101656472
"Study_3_Emanuel_2","parametric",0.473114627317659
"Study_3_Emanuel_2","parametric",0.324242991622545
"Study_3_Emanuel_2","parametric",NA
"Study_3_Emanuel_2","parametric",NA
"Study_3_Emanuel_2","parametric",NA
"Study_3_Emanuel_2","parametric",NA
"Study_3_Emanuel_2","parametric",NA
"Study_3_Emanuel_2","parametric",NA
"Study_3_Emanuel_2","parametric",NA
"Study_3_Emanuel_2","parametric",0.744497490216996
"Study_3_Emanuel_2","parametric",-1.06564469874166
"Study_3_Emanuel_2","parametric",0.522392085992064
"Study_3_Emanuel_2","parametric",0.891601412470559
"Study_3_Emanuel_2","parametric",0.577437177537776
"Study_3_Emanuel_2","parametric",-0.818747516446594
"Study_3_Emanuel_2","parametric",NA
"Study_3_Emanuel_2","parametric",NA
"Study_3_Emanuel_2","parametric",NA
"Study_3_Emanuel_2","parametric",NA
"Study_3_Emanuel_2","parametric",NA
"Study_3_Emanuel_2","parametric",NA
"Study_3_Emanuel_2","parametric",NA
"Study_3_Emanuel_2","parametric",NA
"Study_3_Emanuel_2","parametric",NA
"Study_3_Emanuel_2","parametric",NA
"Study_3_Emanuel_2","parametric",NA
"Study_3_Emanuel_2","cart",0.961858203205546
"Study_3_Emanuel_2","cart",0.792068097625018
"Study_3_Emanuel_2","cart",0.859529446757676
"Study_3_Emanuel_2","cart",0.592610729175432
"Study_3_Emanuel_2","cart",NA
"Study_3_Emanuel_2","cart",NA
"Study_3_Emanuel_2","cart",NA
"Study_3_Emanuel_2","cart",NA
"Study_3_Emanuel_2","cart",NA
"Study_3_Emanuel_2","cart",NA
"Study_3_Emanuel_2","cart",NA
"Study_3_Emanuel_2","cart",0.918316420715536
"Study_3_Emanuel_2","cart",0.794390325806342
"Study_3_Emanuel_2","cart",0.7466419059146
"Study_3_Emanuel_2","cart",0.868885710553982
"Study_3_Emanuel_2","cart",0.484289441444162
"Study_3_Emanuel_2","cart",0.720447033246681
"Study_3_Emanuel_2","cart",NA
"Study_3_Emanuel_2","cart",NA
"Study_3_Emanuel_2","cart",NA
"Study_3_Emanuel_2","cart",NA
"Study_3_Emanuel_2","cart",NA
"Study_3_Emanuel_2","cart",NA
"Study_3_Emanuel_2","cart",NA
"Study_3_Emanuel_2","cart",NA
"Study_3_Emanuel_2","cart",NA
"Study_3_Emanuel_2","cart",NA
"Study_3_Emanuel_2","cart",NA
"Study_4_Martin_2024","boot",0.76251415356233
"Study_4_Martin_2024","boot",0.879438212814306
"Study_4_Martin_2024","boot",NA
"Study_4_Martin_2024","boot",NA
"Study_4_Martin_2024","boot",NA
"Study_4_Martin_2024","independent",-0.327100302656445
"Study_4_Martin_2024","independent",0.538840424568123
"Study_4_Martin_2024","independent",NA
"Study_4_Martin_2024","independent",NA
"Study_4_Martin_2024","independent",NA
"Study_4_Martin_2024","parametric",0.651575442149838
"Study_4_Martin_2024","parametric",0.865974702257775
"Study_4_Martin_2024","parametric",NA
"Study_4_Martin_2024","parametric",NA
"Study_4_Martin_2024","parametric",NA
"Study_4_Martin_2024","cart",0.827509850751495
"Study_4_Martin_2024","cart",0.905172975906318
"Study_4_Martin_2024","cart",NA
"Study_4_Martin_2024","cart",NA
"Study_4_Martin_2024","cart",NA
"Study_5_St_Cyr_2024","boot",0.91207189499063
"Study_5_St_Cyr_2024","boot",0.768481678756674
"Study_5_St_Cyr_2024","boot",0.979252777709041
"Study_5_St_Cyr_2024","boot",0.84586536562794
"Study_5_St_Cyr_2024","boot",0.718833541400855
"Study_5_St_Cyr_2024","boot",0.876825516717714
"Study_5_St_Cyr_2024","boot",0.916446995194484
"Study_5_St_Cyr_2024","boot",0.930906454585026
"Study_5_St_Cyr_2024","boot",0.913999854619279
"Study_5_St_Cyr_2024","boot",0.876695379360068
"Study_5_St_Cyr_2024","boot",0.949723518512371
"Study_5_St_Cyr_2024","boot",0.946027590295958
"Study_5_St_Cyr_2024","boot",0.596650974839271
"Study_5_St_Cyr_2024","boot",0.987777819984808
"Study_5_St_Cyr_2024","boot",0.945814683736556
"Study_5_St_Cyr_2024","boot",0.48188686556501
"Study_5_St_Cyr_2024","boot",0.830919533403684
"Study_5_St_Cyr_2024","boot",0.96725070714822
"Study_5_St_Cyr_2024","boot",0.819847570441968
"Study_5_St_Cyr_2024","boot",0.844005707274844
"Study_5_St_Cyr_2024","boot",0.860403609298981
"Study_5_St_Cyr_2024","boot",0.414434485714019
"Study_5_St_Cyr_2024","boot",0.940801976549561
"Study_5_St_Cyr_2024","boot",0.857160695878342
"Study_5_St_Cyr_2024","boot",0.850646210739926
"Study_5_St_Cyr_2024","boot",0.93680582532553
"Study_5_St_Cyr_2024","boot",0.94857403639482
"Study_5_St_Cyr_2024","boot",0.881503304667425
"Study_5_St_Cyr_2024","boot",0.766975673181367
"Study_5_St_Cyr_2024","boot",0.787627396627193
"Study_5_St_Cyr_2024","boot",0.781638592670825
"Study_5_St_Cyr_2024","boot",0.979892312315097
"Study_5_St_Cyr_2024","boot",0.986680171378029
"Study_5_St_Cyr_2024","boot",0.860507303447248
"Study_5_St_Cyr_2024","boot",0.776693211187082
"Study_5_St_Cyr_2024","boot",0.743772805869142
"Study_5_St_Cyr_2024","boot",0.933148139289381
"Study_5_St_Cyr_2024","boot",0.914136887185041
"Study_5_St_Cyr_2024","boot",0.748989590377005
"Study_5_St_Cyr_2024","boot",0.901758236449138
"Study_5_St_Cyr_2024","boot",0.767585370415407
"Study_5_St_Cyr_2024","boot",0.949724225090381
"Study_5_St_Cyr_2024","boot",0.949113912588843
"Study_5_St_Cyr_2024","boot",0.597967258683198
"Study_5_St_Cyr_2024","boot",0.990915234623492
"Study_5_St_Cyr_2024","boot",0.926524788433616
"Study_5_St_Cyr_2024","boot",0.487171465566004
"Study_5_St_Cyr_2024","boot",0.829890075017547
"Study_5_St_Cyr_2024","boot",0.972226632169367
"Study_5_St_Cyr_2024","boot",0.821117842041597
"Study_5_St_Cyr_2024","boot",0.810159715111097
"Study_5_St_Cyr_2024","boot",0.860401709101514
"Study_5_St_Cyr_2024","boot",0.414432208885881
"Study_5_St_Cyr_2024","boot",0.784802835629676
"Study_5_St_Cyr_2024","boot",0.692798769836743
"Study_5_St_Cyr_2024","boot",0.94092093572834
"Study_5_St_Cyr_2024","boot",0.841973470705851
"Study_5_St_Cyr_2024","boot",0.816957823734545
"Study_5_St_Cyr_2024","boot",0.918102412307775
"Study_5_St_Cyr_2024","boot",0.769045173105956
"Study_5_St_Cyr_2024","boot",0.956717803139605
"Study_5_St_Cyr_2024","boot",0.830263210819021
"Study_5_St_Cyr_2024","boot",0.718600721380998
"Study_5_St_Cyr_2024","boot",0.843996482821046
"Study_5_St_Cyr_2024","boot",0.951512050169399
"Study_5_St_Cyr_2024","boot",0.928288868287627
"Study_5_St_Cyr_2024","boot",0.898341630621127
"Study_5_St_Cyr_2024","boot",0.915514161976036
"Study_5_St_Cyr_2024","boot",0.941427716557939
"Study_5_St_Cyr_2024","boot",0.96212386656146
"Study_5_St_Cyr_2024","boot",0.61495546376701
"Study_5_St_Cyr_2024","boot",0.99021733062724
"Study_5_St_Cyr_2024","boot",0.954027361068051
"Study_5_St_Cyr_2024","boot",0.471973928655549
"Study_5_St_Cyr_2024","boot",0.811105521934861
"Study_5_St_Cyr_2024","boot",0.988647510056864
"Study_5_St_Cyr_2024","boot",0.827454822458519
"Study_5_St_Cyr_2024","boot",0.857107894931075
"Study_5_St_Cyr_2024","boot",0.867928677900941
"Study_5_St_Cyr_2024","boot",0.401696641529134
"Study_5_St_Cyr_2024","boot",0.947877249240248
"Study_5_St_Cyr_2024","boot",0.901140160684604
"Study_5_St_Cyr_2024","boot",0.84981538528988
"Study_5_St_Cyr_2024","boot",0.955676163494986
"Study_5_St_Cyr_2024","boot",0.97306564304188
"Study_5_St_Cyr_2024","boot",0.835355469609308
"Study_5_St_Cyr_2024","boot",0.757166215006365
"Study_5_St_Cyr_2024","boot",0.702327779191637
"Study_5_St_Cyr_2024","boot",0.784687923778272
"Study_5_St_Cyr_2024","boot",0.972885370819775
"Study_5_St_Cyr_2024","boot",0.986869936494084
"Study_5_St_Cyr_2024","boot",0.82994653518334
"Study_5_St_Cyr_2024","boot",0.805260588311553
"Study_5_St_Cyr_2024","boot",0.760083091880118
"Study_5_St_Cyr_2024","boot",0.910188041886569
"Study_5_St_Cyr_2024","boot",0.919042075795019
"Study_5_St_Cyr_2024","boot",0.768383194892936
"Study_5_St_Cyr_2024","boot",0.878048231040001
"Study_5_St_Cyr_2024","boot",0.78054604749536
"Study_5_St_Cyr_2024","boot",0.959872982104792
"Study_5_St_Cyr_2024","boot",0.915628538636271
"Study_5_St_Cyr_2024","boot",0.623148560463435
"Study_5_St_Cyr_2024","boot",0.984996968123354
"Study_5_St_Cyr_2024","boot",0.913623662922808
"Study_5_St_Cyr_2024","boot",0.450997119371521
"Study_5_St_Cyr_2024","boot",0.863231078564298
"Study_5_St_Cyr_2024","boot",0.964949645236264
"Study_5_St_Cyr_2024","boot",0.815894115165447
"Study_5_St_Cyr_2024","boot",0.79237064413961
"Study_5_St_Cyr_2024","boot",0.870063014450073
"Study_5_St_Cyr_2024","boot",0.400993652621267
"Study_5_St_Cyr_2024","boot",0.80950786383984
"Study_5_St_Cyr_2024","boot",0.713028059897149
"Study_5_St_Cyr_2024","boot",0.955060130265885
"Study_5_St_Cyr_2024","boot",0.842622326989838
"Study_5_St_Cyr_2024","boot",0.847421755630085
"Study_5_St_Cyr_2024","independent",0.313068322732842
"Study_5_St_Cyr_2024","independent",0.752395559425035
"Study_5_St_Cyr_2024","independent",0.203980769299068
"Study_5_St_Cyr_2024","independent",0.044356301888578
"Study_5_St_Cyr_2024","independent",-0.384801432696362
"Study_5_St_Cyr_2024","independent",0.93693928471352
"Study_5_St_Cyr_2024","independent",-1.00250646223311
"Study_5_St_Cyr_2024","independent",0.5164617958251
"Study_5_St_Cyr_2024","independent",0.478208407179519
"Study_5_St_Cyr_2024","independent",-0.255127783715119
"Study_5_St_Cyr_2024","independent",-1.05922903470111
"Study_5_St_Cyr_2024","independent",-0.656088444446362
"Study_5_St_Cyr_2024","independent",-1.01104887305339
"Study_5_St_Cyr_2024","independent",0.306019731393398
"Study_5_St_Cyr_2024","independent",-0.0944527777934183
"Study_5_St_Cyr_2024","independent",0.744055194567637
"Study_5_St_Cyr_2024","independent",0.127647407350804
"Study_5_St_Cyr_2024","independent",0.321715174010202
"Study_5_St_Cyr_2024","independent",0.210020402315414
"Study_5_St_Cyr_2024","independent",0.491857850644328
"Study_5_St_Cyr_2024","independent",0.860403170093818
"Study_5_St_Cyr_2024","independent",0.629310840824509
"Study_5_St_Cyr_2024","independent",-0.128720033527314
"Study_5_St_Cyr_2024","independent",0.535724877271284
"Study_5_St_Cyr_2024","independent",-0.321365053211598
"Study_5_St_Cyr_2024","independent",0.816699380520649
"Study_5_St_Cyr_2024","independent",0.140388046425187
"Study_5_St_Cyr_2024","independent",0.667259113199023
"Study_5_St_Cyr_2024","independent",0.555635118210994
"Study_5_St_Cyr_2024","independent",0.578615789075475
"Study_5_St_Cyr_2024","independent",0.532535277593392
"Study_5_St_Cyr_2024","independent",0.746774520009752
"Study_5_St_Cyr_2024","independent",-0.609113620799747
"Study_5_St_Cyr_2024","independent",0.706381718880654
"Study_5_St_Cyr_2024","independent",-0.666968827666744
"Study_5_St_Cyr_2024","independent",0.357271271399241
"Study_5_St_Cyr_2024","independent",0.2188360165795
"Study_5_St_Cyr_2024","independent",-0.115558453419081
"Study_5_St_Cyr_2024","independent",-0.327516635306166
"Study_5_St_Cyr_2024","independent",-1.00953229002258
"Study_5_St_Cyr_2024","independent",-0.0993388906033936
"Study_5_St_Cyr_2024","independent",-1.05922726957279
"Study_5_St_Cyr_2024","independent",-0.653949585942458
"Study_5_St_Cyr_2024","independent",-0.986837197810717
"Study_5_St_Cyr_2024","independent",0.309607538748744
"Study_5_St_Cyr_2024","independent",-0.104837002752978
"Study_5_St_Cyr_2024","independent",0.736414787329105
"Study_5_St_Cyr_2024","independent",0.129818097597877
"Study_5_St_Cyr_2024","independent",0.326278772996149
"Study_5_St_Cyr_2024","independent",0.158349948464928
"Study_5_St_Cyr_2024","independent",0.536598387510673
"Study_5_St_Cyr_2024","independent",0.860400784061048
"Study_5_St_Cyr_2024","independent",0.629307994270538
"Study_5_St_Cyr_2024","independent",-0.0465126152952271
"Study_5_St_Cyr_2024","independent",-0.115098537384507
"Study_5_St_Cyr_2024","independent",0.10797879224508
"Study_5_St_Cyr_2024","independent",-0.553003284767803
"Study_5_St_Cyr_2024","independent",-2.9179118084652
"Study_5_St_Cyr_2024","independent",0.292907672717651
"Study_5_St_Cyr_2024","independent",0.762395221272853
"Study_5_St_Cyr_2024","independent",0.201000798988832
"Study_5_St_Cyr_2024","independent",0.0351768599277716
"Study_5_St_Cyr_2024","independent",-0.35568051310095
"Study_5_St_Cyr_2024","independent",0.968339513782005
"Study_5_St_Cyr_2024","independent",-0.914801163948867
"Study_5_St_Cyr_2024","independent",0.547508840440865
"Study_5_St_Cyr_2024","independent",0.507798359452013
"Study_5_St_Cyr_2024","independent",-0.210577182862755
"Study_5_St_Cyr_2024","independent",-1.07605603595897
"Study_5_St_Cyr_2024","independent",-0.615740072860985
"Study_5_St_Cyr_2024","independent",-0.991353810060265
"Study_5_St_Cyr_2024","independent",0.305512652088332
"Study_5_St_Cyr_2024","independent",-0.0267990112094507
"Study_5_St_Cyr_2024","independent",0.76306595949729
"Study_5_St_Cyr_2024","independent",0.169847980882605
"Study_5_St_Cyr_2024","independent",0.2891545462198
"Study_5_St_Cyr_2024","independent",0.229890366996912
"Study_5_St_Cyr_2024","independent",0.547086949916328
"Study_5_St_Cyr_2024","independent",0.841545341818927
"Study_5_St_Cyr_2024","independent",0.650966897663106
"Study_5_St_Cyr_2024","independent",-0.0858057168774347
"Study_5_St_Cyr_2024","independent",0.44960322467016
"Study_5_St_Cyr_2024","independent",-0.0775042802458612
"Study_5_St_Cyr_2024","independent",0.757557415601754
"Study_5_St_Cyr_2024","independent",0.0513540824800958
"Study_5_St_Cyr_2024","independent",0.753394363351995
"Study_5_St_Cyr_2024","independent",0.572047707350692
"Study_5_St_Cyr_2024","independent",0.661714358919934
"Study_5_St_Cyr_2024","independent",0.563109885176206
"Study_5_St_Cyr_2024","independent",0.754546151705747
"Study_5_St_Cyr_2024","independent",-0.68365632347033
"Study_5_St_Cyr_2024","independent",0.708270401424504
"Study_5_St_Cyr_2024","independent",-0.393399437814598
"Study_5_St_Cyr_2024","independent",0.302784931890322
"Study_5_St_Cyr_2024","independent",0.235261231126257
"Study_5_St_Cyr_2024","independent",-0.12971808356709
"Study_5_St_Cyr_2024","independent",-0.289643126260991
"Study_5_St_Cyr_2024","independent",-0.960431748131348
"Study_5_St_Cyr_2024","independent",-0.0756597132766188
"Study_5_St_Cyr_2024","independent",-1.04683202716677
"Study_5_St_Cyr_2024","independent",-0.600196470424866
"Study_5_St_Cyr_2024","independent",-0.944573001086901
"Study_5_St_Cyr_2024","independent",0.313194584091535
"Study_5_St_Cyr_2024","independent",-0.14349355935655
"Study_5_St_Cyr_2024","independent",0.744477170694422
"Study_5_St_Cyr_2024","independent",0.145588095086785
"Study_5_St_Cyr_2024","independent",0.304945937497511
"Study_5_St_Cyr_2024","independent",0.150199396079088
"Study_5_St_Cyr_2024","independent",0.55342331341496
"Study_5_St_Cyr_2024","independent",0.867037737337971
"Study_5_St_Cyr_2024","independent",0.611252603766546
"Study_5_St_Cyr_2024","independent",-0.0229810851531948
"Study_5_St_Cyr_2024","independent",0.013204252327266
"Study_5_St_Cyr_2024","independent",0.236206176485108
"Study_5_St_Cyr_2024","independent",-0.520581333853173
"Study_5_St_Cyr_2024","independent",-1.68556024667549
"Study_5_St_Cyr_2024","parametric",0.842120210712924
"Study_5_St_Cyr_2024","parametric",0.939905806758699
"Study_5_St_Cyr_2024","parametric",0.650949896387636
"Study_5_St_Cyr_2024","parametric",0.835951297334688
"Study_5_St_Cyr_2024","parametric",0.923171159917637
"Study_5_St_Cyr_2024","parametric",0.752256124381969
"Study_5_St_Cyr_2024","parametric",0.817194932083771
"Study_5_St_Cyr_2024","parametric",0.922048246774971
"Study_5_St_Cyr_2024","parametric",0.909754331044885
"Study_5_St_Cyr_2024","parametric",0.714740793172921
"Study_5_St_Cyr_2024","parametric",0.806891250570207
"Study_5_St_Cyr_2024","parametric",0.841029450160369
"Study_5_St_Cyr_2024","parametric",0.958061559927548
"Study_5_St_Cyr_2024","parametric",0.805561828096527
"Study_5_St_Cyr_2024","parametric",0.660023542906876
"Study_5_St_Cyr_2024","parametric",0.679980067761144
"Study_5_St_Cyr_2024","parametric",0.725514905224189
"Study_5_St_Cyr_2024","parametric",0.963167820476359
"Study_5_St_Cyr_2024","parametric",0.853572729919127
"Study_5_St_Cyr_2024","parametric",0.846809143750926
"Study_5_St_Cyr_2024","parametric",0.747571119351439
"Study_5_St_Cyr_2024","parametric",0.658328372824268
"Study_5_St_Cyr_2024","parametric",0.767679723438707
"Study_5_St_Cyr_2024","parametric",0.832108890103939
"Study_5_St_Cyr_2024","parametric",0.818049753249638
"Study_5_St_Cyr_2024","parametric",0.806046514888568
"Study_5_St_Cyr_2024","parametric",0.870470046479435
"Study_5_St_Cyr_2024","parametric",0.769433277627963
"Study_5_St_Cyr_2024","parametric",0.97807655137946
"Study_5_St_Cyr_2024","parametric",0.965850633747289
"Study_5_St_Cyr_2024","parametric",0.95940922644146
"Study_5_St_Cyr_2024","parametric",0.927175504219731
"Study_5_St_Cyr_2024","parametric",0.694616936056872
"Study_5_St_Cyr_2024","parametric",0.766271049456464
"Study_5_St_Cyr_2024","parametric",0.853679203269701
"Study_5_St_Cyr_2024","parametric",0.813596652410498
"Study_5_St_Cyr_2024","parametric",0.627311551594178
"Study_5_St_Cyr_2024","parametric",0.814565698695467
"Study_5_St_Cyr_2024","parametric",0.871168333269695
"Study_5_St_Cyr_2024","parametric",0.886850268356904
"Study_5_St_Cyr_2024","parametric",0.68203956591255
"Study_5_St_Cyr_2024","parametric",0.806890836629278
"Study_5_St_Cyr_2024","parametric",0.842185556129809
"Study_5_St_Cyr_2024","parametric",0.960658766515277
"Study_5_St_Cyr_2024","parametric",0.793158459801857
"Study_5_St_Cyr_2024","parametric",0.660524704947156
"Study_5_St_Cyr_2024","parametric",0.677879145727557
"Study_5_St_Cyr_2024","parametric",0.72606140371228
"Study_5_St_Cyr_2024","parametric",0.970297728091771
"Study_5_St_Cyr_2024","parametric",0.857445339448521
"Study_5_St_Cyr_2024","parametric",0.815049894505415
"Study_5_St_Cyr_2024","parametric",0.747569997633352
"Study_5_St_Cyr_2024","parametric",0.658328970228309
"Study_5_St_Cyr_2024","parametric",0.767886443005535
"Study_5_St_Cyr_2024","parametric",0.77426182026694
"Study_5_St_Cyr_2024","parametric",0.879916056870388
"Study_5_St_Cyr_2024","parametric",0.656724051706109
"Study_5_St_Cyr_2024","parametric",0.881919812842232
"Study_5_St_Cyr_2024","parametric",0.840704902188587
"Study_5_St_Cyr_2024","parametric",0.924336666555685
"Study_5_St_Cyr_2024","parametric",0.622404921168463
"Study_5_St_Cyr_2024","parametric",0.803547481452968
"Study_5_St_Cyr_2024","parametric",0.87644964574163
"Study_5_St_Cyr_2024","parametric",0.785478782254859
"Study_5_St_Cyr_2024","parametric",0.79604392348195
"Study_5_St_Cyr_2024","parametric",0.907797109869056
"Study_5_St_Cyr_2024","parametric",0.893431774850887
"Study_5_St_Cyr_2024","parametric",0.741668620996032
"Study_5_St_Cyr_2024","parametric",0.782673133693328
"Study_5_St_Cyr_2024","parametric",0.818791297935141
"Study_5_St_Cyr_2024","parametric",0.940873554843437
"Study_5_St_Cyr_2024","parametric",0.802290178922709
"Study_5_St_Cyr_2024","parametric",0.680295353672978
"Study_5_St_Cyr_2024","parametric",0.63733847541655
"Study_5_St_Cyr_2024","parametric",0.758848408129063
"Study_5_St_Cyr_2024","parametric",0.960078443309176
"Study_5_St_Cyr_2024","parametric",0.851818368115462
"Study_5_St_Cyr_2024","parametric",0.838038939665945
"Study_5_St_Cyr_2024","parametric",0.736423135105739
"Study_5_St_Cyr_2024","parametric",0.65707306665905
"Study_5_St_Cyr_2024","parametric",0.779812821693203
"Study_5_St_Cyr_2024","parametric",0.845913946571664
"Study_5_St_Cyr_2024","parametric",0.849433307109511
"Study_5_St_Cyr_2024","parametric",0.823706013276623
"Study_5_St_Cyr_2024","parametric",0.837985921025406
"Study_5_St_Cyr_2024","parametric",0.689277697097271
"Study_5_St_Cyr_2024","parametric",0.973313676064308
"Study_5_St_Cyr_2024","parametric",0.937225668270429
"Study_5_St_Cyr_2024","parametric",0.923018097923185
"Study_5_St_Cyr_2024","parametric",0.909578711103343
"Study_5_St_Cyr_2024","parametric",0.708310351843538
"Study_5_St_Cyr_2024","parametric",0.776882687237608
"Study_5_St_Cyr_2024","parametric",0.894883567893276
"Study_5_St_Cyr_2024","parametric",0.864690755362477
"Study_5_St_Cyr_2024","parametric",0.607095922969386
"Study_5_St_Cyr_2024","parametric",0.794397436196981
"Study_5_St_Cyr_2024","parametric",0.863772495557656
"Study_5_St_Cyr_2024","parametric",0.882245457333547
"Study_5_St_Cyr_2024","parametric",0.701261185123241
"Study_5_St_Cyr_2024","parametric",0.81462843720326
"Study_5_St_Cyr_2024","parametric",0.825012225001075
"Study_5_St_Cyr_2024","parametric",0.955698592362524
"Study_5_St_Cyr_2024","parametric",0.799026934234546
"Study_5_St_Cyr_2024","parametric",0.660629743360758
"Study_5_St_Cyr_2024","parametric",0.659821355197252
"Study_5_St_Cyr_2024","parametric",0.698671929993545
"Study_5_St_Cyr_2024","parametric",0.957419525049974
"Study_5_St_Cyr_2024","parametric",0.889414700980318
"Study_5_St_Cyr_2024","parametric",0.78881735246318
"Study_5_St_Cyr_2024","parametric",0.755498401624203
"Study_5_St_Cyr_2024","parametric",0.656267169902953
"Study_5_St_Cyr_2024","parametric",0.816121039810927
"Study_5_St_Cyr_2024","parametric",0.807571456056624
"Study_5_St_Cyr_2024","parametric",0.824592700886636
"Study_5_St_Cyr_2024","parametric",0.649210961852691
"Study_5_St_Cyr_2024","parametric",0.918717578170836
"Study_5_St_Cyr_2024","cart",0.936354858578193
"Study_5_St_Cyr_2024","cart",0.563786124883104
"Study_5_St_Cyr_2024","cart",0.736441128188229
"Study_5_St_Cyr_2024","cart",0.912090102232296
"Study_5_St_Cyr_2024","cart",0.849945221092892
"Study_5_St_Cyr_2024","cart",0.726752389105776
"Study_5_St_Cyr_2024","cart",0.970890368819289
"Study_5_St_Cyr_2024","cart",0.97015583881417
"Study_5_St_Cyr_2024","cart",0.961751348881414
"Study_5_St_Cyr_2024","cart",0.611048211204399
"Study_5_St_Cyr_2024","cart",0.757770272313301
"Study_5_St_Cyr_2024","cart",0.544290789095141
"Study_5_St_Cyr_2024","cart",0.905125249430236
"Study_5_St_Cyr_2024","cart",0.732317709339102
"Study_5_St_Cyr_2024","cart",0.71893412329113
"Study_5_St_Cyr_2024","cart",0.795228098253667
"Study_5_St_Cyr_2024","cart",0.544567264835632
"Study_5_St_Cyr_2024","cart",0.897175102499645
"Study_5_St_Cyr_2024","cart",0.528698363672609
"Study_5_St_Cyr_2024","cart",0.810598714972177
"Study_5_St_Cyr_2024","cart",0.747572814967783
"Study_5_St_Cyr_2024","cart",0.868248306892002
"Study_5_St_Cyr_2024","cart",0.926906198451085
"Study_5_St_Cyr_2024","cart",0.921793224394841
"Study_5_St_Cyr_2024","cart",0.948741270355875
"Study_5_St_Cyr_2024","cart",0.795357169725588
"Study_5_St_Cyr_2024","cart",0.633247894007089
"Study_5_St_Cyr_2024","cart",0.883907871483322
"Study_5_St_Cyr_2024","cart",0.593513335838105
"Study_5_St_Cyr_2024","cart",0.747871447545002
"Study_5_St_Cyr_2024","cart",0.54170103071134
"Study_5_St_Cyr_2024","cart",0.988240943944458
"Study_5_St_Cyr_2024","cart",0.652752966544336
"Study_5_St_Cyr_2024","cart",0.749490249159684
"Study_5_St_Cyr_2024","cart",0.38708310889215
"Study_5_St_Cyr_2024","cart",0.703086685976353
"Study_5_St_Cyr_2024","cart",0.577753367791162
"Study_5_St_Cyr_2024","cart",0.825776957802154
"Study_5_St_Cyr_2024","cart",0.904476183589783
"Study_5_St_Cyr_2024","cart",0.981899605521619
"Study_5_St_Cyr_2024","cart",0.518330164756065
"Study_5_St_Cyr_2024","cart",0.757769952996432
"Study_5_St_Cyr_2024","cart",0.497411299473502
"Study_5_St_Cyr_2024","cart",0.910296581543094
"Study_5_St_Cyr_2024","cart",0.731177101794666
"Study_5_St_Cyr_2024","cart",0.737228030163051
"Study_5_St_Cyr_2024","cart",0.704778318054312
"Study_5_St_Cyr_2024","cart",0.530769392222286
"Study_5_St_Cyr_2024","cart",0.917205976005996
"Study_5_St_Cyr_2024","cart",0.529501564391049
"Study_5_St_Cyr_2024","cart",0.802055670231986
"Study_5_St_Cyr_2024","cart",0.747573196576324
"Study_5_St_Cyr_2024","cart",0.868246102111982
"Study_5_St_Cyr_2024","cart",0.706047785056904
"Study_5_St_Cyr_2024","cart",0.742661213074244
"Study_5_St_Cyr_2024","cart",0.457591014653096
"Study_5_St_Cyr_2024","cart",0.671578003827903
"Study_5_St_Cyr_2024","cart",0.537380909486627
"Study_5_St_Cyr_2024","cart",0.933911656783267
"Study_5_St_Cyr_2024","cart",0.567452193568424
"Study_5_St_Cyr_2024","cart",0.74213770345036
"Study_5_St_Cyr_2024","cart",0.893409018480332
"Study_5_St_Cyr_2024","cart",0.823360173771529
"Study_5_St_Cyr_2024","cart",0.755329481074934
"Study_5_St_Cyr_2024","cart",0.966871703809256
"Study_5_St_Cyr_2024","cart",0.983354276790287
"Study_5_St_Cyr_2024","cart",0.949394901671501
"Study_5_St_Cyr_2024","cart",0.615830451061664
"Study_5_St_Cyr_2024","cart",0.723200168828014
"Study_5_St_Cyr_2024","cart",0.545947549500411
"Study_5_St_Cyr_2024","cart",0.926129551973309
"Study_5_St_Cyr_2024","cart",0.711877801436763
"Study_5_St_Cyr_2024","cart",0.719627428680775
"Study_5_St_Cyr_2024","cart",0.772500080617899
"Study_5_St_Cyr_2024","cart",0.571511187515878
"Study_5_St_Cyr_2024","cart",0.901566934341195
"Study_5_St_Cyr_2024","cart",0.530538420645587
"Study_5_St_Cyr_2024","cart",0.798823329791124
"Study_5_St_Cyr_2024","cart",0.746449446972997
"Study_5_St_Cyr_2024","cart",0.8500925690505
"Study_5_St_Cyr_2024","cart",0.930447294341133
"Study_5_St_Cyr_2024","cart",0.890124768214667
"Study_5_St_Cyr_2024","cart",0.96398561865896
"Study_5_St_Cyr_2024","cart",0.881284757949754
"Study_5_St_Cyr_2024","cart",0.667264731541756
"Study_5_St_Cyr_2024","cart",0.8444734215823
"Study_5_St_Cyr_2024","cart",0.581062845215264
"Study_5_St_Cyr_2024","cart",0.76039114954205
"Study_5_St_Cyr_2024","cart",0.537158595210026
"Study_5_St_Cyr_2024","cart",0.951678012653675
"Study_5_St_Cyr_2024","cart",0.643216884429406
"Study_5_St_Cyr_2024","cart",0.776710783431452
"Study_5_St_Cyr_2024","cart",0.395394625441506
"Study_5_St_Cyr_2024","cart",0.655073629769386
"Study_5_St_Cyr_2024","cart",0.637655813159752
"Study_5_St_Cyr_2024","cart",0.836425216293448
"Study_5_St_Cyr_2024","cart",0.907094642873921
"Study_5_St_Cyr_2024","cart",0.965081992695893
"Study_5_St_Cyr_2024","cart",0.521289504106055
"Study_5_St_Cyr_2024","cart",0.741035478294291
"Study_5_St_Cyr_2024","cart",0.519696863815944
"Study_5_St_Cyr_2024","cart",0.907795730703544
"Study_5_St_Cyr_2024","cart",0.700700814712867
"Study_5_St_Cyr_2024","cart",0.7503767226111
"Study_5_St_Cyr_2024","cart",0.691876457105669
"Study_5_St_Cyr_2024","cart",0.523330694950241
"Study_5_St_Cyr_2024","cart",0.918259552809141
"Study_5_St_Cyr_2024","cart",0.548436552310227
"Study_5_St_Cyr_2024","cart",0.812621839272376
"Study_5_St_Cyr_2024","cart",0.73768422342235
"Study_5_St_Cyr_2024","cart",0.876966320803129
"Study_5_St_Cyr_2024","cart",0.663866458449267
"Study_5_St_Cyr_2024","cart",0.698022796766532
"Study_5_St_Cyr_2024","cart",0.597467196752584
"Study_5_St_Cyr_2024","cart",0.630641774342213
"Study_5_St_Cyr_2024","cart",0.486261783962723
"Study_6_Theobald_2022","boot",0.903360430736955
"Study_6_Theobald_2022","boot",0.912299617392275
"Study_6_Theobald_2022","boot",0.504820883889647
"Study_6_Theobald_2022","boot",0.920310004596752
"Study_6_Theobald_2022","boot",0.455728393109671
"Study_6_Theobald_2022","boot",0.484165614557721
"Study_6_Theobald_2022","boot",0.505565115035512
"Study_6_Theobald_2022","boot",0.613323071333442
"Study_6_Theobald_2022","boot",0.559506087708317
"Study_6_Theobald_2022","boot",0.329410380677135
"Study_6_Theobald_2022","boot",0.769361716889645
"Study_6_Theobald_2022","boot",0.854656273583476
"Study_6_Theobald_2022","boot",0.78353130897327
"Study_6_Theobald_2022","boot",0.969102563886904
"Study_6_Theobald_2022","boot",0.647527596447586
"Study_6_Theobald_2022","boot",0.876438080113896
"Study_6_Theobald_2022","boot",0.80729573974776
"Study_6_Theobald_2022","independent",-0.549654409951555
"Study_6_Theobald_2022","independent",-0.701980136450227
"Study_6_Theobald_2022","independent",-1.74794722799989
"Study_6_Theobald_2022","independent",-0.0893358433651419
"Study_6_Theobald_2022","independent",-2.36601809752889
"Study_6_Theobald_2022","independent",-1.44139012471405
"Study_6_Theobald_2022","independent",0.720315858955349
"Study_6_Theobald_2022","independent",0.833431732194744
"Study_6_Theobald_2022","independent",-2.72121830508161
"Study_6_Theobald_2022","independent",0.835316296554357
"Study_6_Theobald_2022","independent",-2.03142836043021
"Study_6_Theobald_2022","independent",0.29272240710457
"Study_6_Theobald_2022","independent",-2.72714263408658
"Study_6_Theobald_2022","independent",0.704102435891079
"Study_6_Theobald_2022","independent",0.573069997542032
"Study_6_Theobald_2022","independent",0.452026128013356
"Study_6_Theobald_2022","independent",0.909038199534226
"Study_6_Theobald_2022","parametric",0.871825325457655
"Study_6_Theobald_2022","parametric",0.769817542798685
"Study_6_Theobald_2022","parametric",0.276100591347824
"Study_6_Theobald_2022","parametric",0.934603754514046
"Study_6_Theobald_2022","parametric",0.24637424282117
"Study_6_Theobald_2022","parametric",0.735366985196776
"Study_6_Theobald_2022","parametric",0.590046433236571
"Study_6_Theobald_2022","parametric",0.532033812890163
"Study_6_Theobald_2022","parametric",0.206477508670177
"Study_6_Theobald_2022","parametric",0.615273648567143
"Study_6_Theobald_2022","parametric",-0.943102679323495
"Study_6_Theobald_2022","parametric",0.61757328141306
"Study_6_Theobald_2022","parametric",-1.10055626097621
"Study_6_Theobald_2022","parametric",0.538023880891332
"Study_6_Theobald_2022","parametric",0.918382459146788
"Study_6_Theobald_2022","parametric",0.997338455928293
"Study_6_Theobald_2022","parametric",0.830854361712322
"Study_6_Theobald_2022","cart",0.891764101224799
"Study_6_Theobald_2022","cart",0.932628554400298
"Study_6_Theobald_2022","cart",0.0995821393744564
"Study_6_Theobald_2022","cart",0.815695938639181
"Study_6_Theobald_2022","cart",0.0632398377673448
"Study_6_Theobald_2022","cart",-0.409915240288401
"Study_6_Theobald_2022","cart",0.650966502818089
"Study_6_Theobald_2022","cart",0.940433830415154
"Study_6_Theobald_2022","cart",-0.799920919294228
"Study_6_Theobald_2022","cart",0.835406005576953
"Study_6_Theobald_2022","cart",0.265254774632977
"Study_6_Theobald_2022","cart",0.508894847695434
"Study_6_Theobald_2022","cart",0.31663709213499
"Study_6_Theobald_2022","cart",0.986634891057965
"Study_6_Theobald_2022","cart",0.860855037855682
"Study_6_Theobald_2022","cart",0.867300424342147
"Study_6_Theobald_2022","cart",0.90720491215859
